portfolio_return_1d,portfolio_return_5d,rolling_volatility_5d,rolling_volatility_20d,rolling_volatility_60d,rolling_mean_return_5d,rolling_mean_return_20d,rolling_max_drawdown_20d,rolling_max_drawdown_60d,downside_volatility_20d,skewness_20d,kurtosis_20d,correlation_mean_20d,correlation_max_20d
-0.00529422174706259,-0.013155700801301334,0.0031368107567423887,0.007799230014620733,0.016325186333983575,-0.0026311401602602666,0.0006923201304226046,-0.019757236158000735,-0.10863293692197906,0.003714098123938095,0.07384142239639982,-0.41719383287641687,0.23866614876277256,0.5827253679072397
0.003158923469059777,0.011377534183458406,0.0037775466863340145,0.006028712772137749,0.008109925963481058,0.0022755068366916813,0.0021290918462482525,-0.01072401573531534,-0.06767666267796013,0.003415835481586205,0.5367186437442482,1.439454858435345,0.4358100179584207,0.654060487521442
-0.003887862481266967,0.02429821701856265,0.015548672838171906,0.018017887580917408,0.02251188687847614,0.00485964340371253,0.0012041780519284444,-0.08393850406528869,-0.09187838419238425,0.010365297604727224,0.5063233921524904,1.06417545826835,0.4201539456200938,0.7312911791742568
-0.011524594698777393,-0.027767989283426685,0.007009059883539937,0.010629287317318844,0.015223278694255344,-0.005553597856685337,-0.00014824454156381453,-0.0861718174481565,-0.18151881415758775,0.003817113981391703,0.3797988762908911,-1.0235054010703777,0.30881943552226176,0.5917686591924528
-0.012641297470816411,-0.012528575448058184,0.006224774448207968,0.00709505486488461,0.009417858121495827,-0.002505715089611637,0.0011935699510280107,-0.0699025563732012,-0.13107375541441968,0.004489882956546286,0.03600077638795963,0.2850015926433294,0.33016939263010264,0.5515079700383663
-0.010759492861578837,0.009400591489399415,0.016069769911746974,0.01529106888011467,0.01637512490629579,0.001880118297879883,-0.0001736750215246682,-0.07254258733256436,-0.07466443704097492,0.013404304767652546,-1.0512310329699313,2.76150731899351,0.92565627855186,0.9624359256790689
-0.01301674958377063,-0.0009158343503161206,0.01796090663880855,0.015436272490491225,0.017683140937611745,-0.00018316687006322412,-0.0012083707429744552,-0.09807462279622525,-0.09807462279622525,0.01273579750920375,-0.9815997628317636,1.582345962619364,0.4873747140731492,0.8687968513539857
-0.002169735997235424,0.01829878714068152,0.007682196813215537,0.010523652284160237,0.011500986903397386,0.0036597574281363038,-0.0010353721205200322,-0.03825528211014295,-0.04077175291641999,0.009110000539879239,-0.9184287693949637,3.0526892830607246,0.36567196687501197,0.5444574200348127
-0.009786427295249464,-0.016069694386955425,0.005219893138142127,0.0119874799756448,0.012462005611672617,-0.003213938877391085,0.0005975883312006032,-0.05329417214630905,-0.07309371399674369,0.007577523969564981,-0.027305682011312532,0.6759371401310686,0.9699942048577744,0.9941618133096122
-0.015885525608567274,-0.031847923830991165,0.005989997160359729,0.012211738705806018,0.013514153806316683,-0.006369584766198233,0.0005697483775098097,-0.03989492633355707,-0.07168519878902269,0.008787952389557221,-0.41777485521730223,0.7480964363264686,0.2380932368725402,0.7492689728453015
-0.014978826106316354,-0.02556359329645172,0.00634481838002211,0.017814231846845333,0.01844385099942325,-0.005112718659290344,-0.001303883921250204,-0.0953064373846344,-0.0953064373846344,0.009486094863035876,0.405317647691656,-0.13660821797535402,0.45289779677623476,0.7049400067163897
-0.0009556988144742405,-0.0024200482395195805,0.004852062916788531,0.013760526892780687,0.01268381944777197,-0.0004840096479039161,0.0012000692889763977,-0.05684057908243789,-0.11823941576827046,0.005598148780498979,1.127151862519737,1.110859458662107,0.3595469161714899,0.6185949570178186
-0.03289126137617436,-0.028818220467439357,0.01660073045068203,0.013176793259783572,0.009753733593522976,-0.005763644093487871,0.0004898807756563081,-0.04247220028102516,-0.04862861891053216,0.008895524994896056,-0.15371959973222982,2.040110242316355,0.7015711689245362,0.9960412528732884
-0.042711335732507155,-0.0650979939871049,0.020967273945657634,0.016591357026523208,0.013181816771340777,-0.01301959879742098,-0.0018780224572315773,-0.077787710749748,-0.077787710749748,0.01189667857136334,-0.28967718104742923,1.2154610700031299,0.3457203606177448,0.6620949842471621
-0.056392354004013594,-0.10450694665866715,0.02948732678955795,0.026494546696953697,0.01871688899435734,-0.020901389331733432,-0.0019960585361585405,-0.15385900949284625,-0.15385900949284625,0.017902766631757445,0.2574444496700192,1.5685783518403036,0.48776653023723116,0.7204183657524065
-0.014338077706988974,-0.022096572648740178,0.006685850379971168,0.006445327786435673,0.006362489770295182,-0.004419314529748036,-0.0016861221474413046,-0.04243867912379318,-0.04992746171265572,0.004469232572663048,-0.36958754346133166,-0.5395689997807794,0.3523567987014715,0.6002351425916906
0.0023600815968880654,0.011237503863562023,0.003932673265408537,0.006904811906768969,0.013030766425762301,0.002247500772712405,0.0034460347630504333,-0.020596097096278188,-0.06838492519511852,0.004618149247264887,-0.332526735454886,-0.030500288989670256,0.4747195520877501,0.8247273187245121
0.016478179435663712,0.0564122568624254,0.010594349623698335,0.014272811763028775,0.0170121147350953,0.01128245137248508,0.007054660359250148,-0.04511290950964841,-0.04790348067716799,0.008658398777884138,-0.60996525030822,-0.25756481621592675,0.3349244710507762,0.5615164526479637
0.0013101526267588082,-0.014541443849362136,0.002555912174752519,0.007537092811271058,0.016281669538903556,-0.0029082887698724273,0.001149213182754176,-0.019757236158000735,-0.10863293692197906,0.003928596676325775,-0.036003013296477315,-0.09712544895304659,0.2176763727271852,0.5827123916735515
0.006629125897163706,0.01846410208843797,0.003824935831891997,0.005957381415477283,0.007993271130083957,0.0036928204176875936,0.0026342346893403834,-0.01072401573531534,-0.06767666267796013,0.0036821754797219876,0.3467263620224219,1.4446691937934837,0.424681836883473,0.6471591045258085
0.02360713181825794,0.03879045781435525,0.01773697472100291,0.016508057295963587,0.022493402648067137,0.00775809156287105,0.004140815216776774,-0.08393850406528869,-0.09187838419238425,0.00677466317506493,0.8282595240115049,0.5541731200585619,0.34998837313527914,0.616700867460273
0.011231689372406168,-0.005639038715551905,0.009377642569456784,0.010266637603751171,0.015266860384600414,-0.001127807743110381,0.0011914460028070756,-0.0861718174481565,-0.18151881415758775,0.003271222104641433,0.26146532572863473,-1.2159926679574324,0.30086414305739795,0.5832062788770338
0.008800388712201533,-0.006983869124171696,0.007801871512004927,0.007090225085293352,0.009196855801700803,-0.001396773824834339,0.0019222820585612327,-0.0699025563732012,-0.13107375541441968,0.004780609695401296,-0.1800761668824777,0.32807486635235267,0.33307738115271607,0.5149359806504487
0.007176661710993574,-0.0002584461394177801,0.014306245020166962,0.011182348780063082,0.0163478721786655,-5.1689227883556026e-05,0.0024220353678807657,-0.06976202801173359,-0.07411819414380127,0.005799023696726362,0.24162396060184022,-0.44211010362899217,0.8659498160857607,0.9328337724596907
0.010378187448448263,-0.009367243433394958,0.016016775884446652,0.011972907050628106,0.017702357151146396,-0.0018734486866789917,0.0014878467777583583,-0.09807462279622525,-0.09807462279622525,0.006707356557107755,-0.22883181363376887,-0.7870770909855122,0.3257779834995352,0.8460754663157035
0.0020957083997063773,0.006853885711693958,0.005354494443124269,0.007688076188874061,0.011482893138072261,0.0013707771423387915,0.0006494220173609612,-0.03825528211014295,-0.04077175291641999,0.004110074682538608,0.5802613116488151,0.5315344920875646,0.1713987568294315,0.3756844751281746
0.003965636963595481,-0.011586768701008296,0.0061082771742765616,0.011951405579023902,0.012136029175335468,-0.002317353740201659,0.000503433693475697,-0.05329417214630905,-0.07309371399674369,0.007577523969564981,-0.004944184236311449,0.7241202846717032,0.9711519807093992,0.9938901041677507
-0.005654015254482544,-0.03377765782969766,0.005837163230696114,0.011968950961350866,0.013216959793023309,-0.006755531565939532,-0.0003211107476012111,-0.03989492633355707,-0.06456306688680369,0.008364031121153352,-0.2565006833140497,0.9083822734882169,0.25676571686317434,0.7611949173340029
-0.0021537590353899777,-0.021128260165042698,0.00639664381583713,0.0178033999155715,0.018028550768935385,-0.004225652033008539,-0.001482524522923807,-0.0953064373846344,-0.0953064373846344,0.009553855249252062,0.4392904125577227,-0.10740805691702515,0.46218274341739296,0.7129531345147568
-0.0023687314830351963,-0.005020660553672289,0.004895331922609034,0.01367379963745657,0.012508227791616765,-0.0010041321107344579,0.001399606788295238,-0.05684057908243789,-0.11823941576827046,0.005754872937916291,1.1089312674089686,1.14183412250388,0.3598270285296717,0.6269408225643374
0.01677361202161403,-0.015954862706884773,0.019258682556402888,0.013567062224972875,0.009918046158520448,-0.003190972541376955,0.0016246100545467064,-0.04247220028102516,-0.04862861891053216,0.009346916335485227,-0.3130279166813106,1.6433057408186202,0.7174433942534262,0.9954312021375578
0.023157000982194493,-0.0413693199707882,0.026456057097290438,0.017286773227785622,0.013422682039166519,-0.008273863994157641,-8.970330593364423e-05,-0.077787710749748,-0.077787710749748,0.012474839577546125,-0.41061767358894097,0.9239481252043802,0.36262784491333555,0.6676248312465064
0.025873398240678035,-0.07162490473915019,0.036251332386843214,0.02719349414928846,0.01891182528532964,-0.014324980947830038,-0.0004166033221993321,-0.15385900949284625,-0.15385900949284625,0.01826153488041373,0.10736251401335199,1.084400894164727,0.49810729752765504,0.7488916841233736
0.008118828111360683,-0.008832256684042115,0.008664462747396254,0.0066441880212584955,0.006444766071706702,-0.001766451336808423,-0.0009026067438800259,-0.04243867912379318,-0.04992746171265572,0.00465636311546108,-0.5042177976168033,-0.4051541317928313,0.3736416860627858,0.5651026311141237
0.008993223662763707,0.014153269069700502,0.004769683955755608,0.006802558602870889,0.013053064101624327,0.0028306538139401005,0.0033452441574917577,-0.020596097096278188,-0.06838492519511852,0.004618149247264887,-0.3470108739472841,0.07962793508945012,0.455031724002756,0.7961249599782395
0.006176811366923434,0.04514350335449855,0.010144550341137601,0.01406149515193174,0.01694549983923104,0.00902870067089971,0.006490736421892832,-0.04511290950964841,-0.04790348067716799,0.008658398777884138,-0.5278027058519539,-0.1952658169712889,0.32317375273257154,0.5570354789440893
0.013674529543175114,0.0016492670613185937,0.007882560485180245,0.008024632940860761,0.016364223471582406,0.00032985341226371873,0.0016337410908146427,-0.019757236158000735,-0.10863293692197906,0.003928596676325775,-0.011554457635990258,-0.4593828101340056,0.2159066640709829,0.6641552243556931
0.0043776589779066025,0.016721294689157496,0.0036224508242023324,0.005965903191076478,0.008000494950028435,0.0033442589378314992,0.0027651696305507545,-0.01072401573531534,-0.06767666267796013,0.0036821754797219876,0.273717049853881,1.3830969627121994,0.4269375188218865,0.6560432180149964
0.05685377529057702,0.10204596430798267,0.02582651180758613,0.019926739075423014,0.02339380882870879,0.020409192861596533,0.007467042484027043,-0.07031333747554258,-0.09187838419238425,0.007163350130368499,1.011090515295619,0.8451722154601622,0.49289323994116624,0.7050061188371727
0.015599776031958609,0.00417032425620944,0.01187924955677159,0.010190274560167615,0.015197186005716113,0.0008340648512418881,0.002613367411268417,-0.08239997196140647,-0.18151881415758775,0.003022245665118973,0.11701761058723789,-1.3579983197547614,0.2901926286664635,0.5687702290290784
0.0064248069380847895,-0.002279853769017748,0.008522164569905405,0.007129706497379507,0.00917048074735681,-0.0004559707538035496,0.002280118140738742,-0.06756272768473437,-0.130806176707713,0.00488472001667339,-0.32680163797091943,0.31351563090316303,0.32465360968369217,0.5505227190852543
0.0048587347228969385,-0.014350057237926784,0.010511836340524147,0.011195136349848847,0.016344517841976845,-0.002870011447585357,0.0025152940986716004,-0.06227490535279412,-0.07254258733256436,0.005799023696726362,0.21362384213932883,-0.46543937797790824,0.86976069472705,0.9322577643958255
0.012383052245004435,-0.012786865575635156,0.015121277787457503,0.011893238445619795,0.0177430193746411,-0.002557373115127031,0.002602642929045536,-0.0819926980440564,-0.09807462279622525,0.007242835019224234,-0.4504005443301534,-0.5865720506842004,0.3262365912436714,0.8456466325029864
0.0032409893842342127,0.00042677899216049834,0.0032044147160982667,0.00759459197820324,0.011482119307199912,8.535579843209966e-05,0.0004902337053056195,-0.03825528211014295,-0.04077175291641999,0.004110074682538608,0.648440536289287,0.776060572639466,0.15813634786840705,0.372993053589552
0.0014921126884911923,-0.0025001028461378244,0.0054633758237747935,0.011842348628111893,0.01209891781896021,-0.0005000205692275649,0.0008963513126114215,-0.05329417214630905,-0.07309371399674369,0.007946277364692365,-0.10427189335972248,0.8831987183026505,0.9709850660270654,0.9940358470367081
0.0023817062759869333,-0.023688659304271394,0.007044777978389902,0.011923686136881079,0.013154863937668147,-0.004737731860854279,6.350485710261719e-05,-0.03989492633355707,-0.06456306688680369,0.008769322504076717,-0.36202765056416586,1.0234111720764254,0.25378968081927084,0.7577687731034483
-0.006945647058936321,-0.029960512541330944,0.00543380978327123,0.017815414766982896,0.01803664054245317,-0.005992102508266189,-0.0015228608324038145,-0.0953064373846344,-0.0953064373846344,0.00951500878339566,0.4453071646988625,-0.11141515540090172,0.4702878238890456,0.7244488077216397
-0.0010685033377662212,0.002223093995130717,0.0028265767209138576,0.013613282746357357,0.012497158158822344,0.00044461879902614346,0.0015795942464787948,-0.05684057908243789,-0.11823941576827046,0.00595780839297824,1.0845421110691094,1.1505622333321897,0.3635548304676517,0.6180617921123184
0.002434187955662663,-0.024192724722467546,0.018093327351178464,0.01159002136287782,0.009886386055247203,-0.00483854494449351,0.0001626699808567083,-0.04247220028102516,-0.04530070979217271,0.009346916335485227,-1.0983647911963492,2.1118035892878293,0.8417406723042258,0.9938982282681607
-0.000583669234874035,-0.05218099047980611,0.024965643701548055,0.015505186833604145,0.013326439110083148,-0.010436198095961222,-0.001739091468125621,-0.077787710749748,-0.077787710749748,0.012325920775654422,-0.7512908077217267,1.4750298823823476,0.4263602888862678,0.5739457530432205
0.0012686671054977015,-0.08808696592586415,0.03323413107150346,0.02233766200214462,0.018912738205329613,-0.01761739318517283,-0.0036358795587309047,-0.15385900949284625,-0.15385900949284625,0.01826153488041373,-0.8356559546306865,0.32009918421824024,0.3836818427400176,0.7575313359816208
-0.0037984618092347785,-0.01685164923117837,0.00799546511921836,0.006401176917636398,0.006428569106729928,-0.0033703298462356744,-0.000637480776319576,-0.04243867912379318,-0.04992746171265572,0.004550729958002859,-0.5845505084374478,0.012707429835728404,0.3487939458143491,0.5708932069489814
0.004313641800144144,0.016435760915653144,0.004783242448676275,0.00614833000507278,0.013051644461705269,0.003287152183130629,0.004012181765185354,-0.010977282473914052,-0.06838492519511852,0.0044928609414157765,-0.3565380891664926,0.7939230333601344,0.3840439731091438,0.763125940871914
0.006345882034593246,0.03676118254261113,0.009647643972010483,0.01301748133510926,0.01694553391894395,0.007352236508522227,0.007614752331081774,-0.04045741617453957,-0.04790348067716799,0.009243482743549303,-0.646783084548799,0.5688239002903824,0.26503756830514436,0.4917579121683197
0.00011055417123493564,0.005694924640420928,0.0075353136238673485,0.007700834812414268,0.016358087986972462,0.0011389849280841855,0.0020466028714632256,-0.019674365131334692,-0.10863293692197906,0.004158555280260128,-0.07261373699829508,-0.10008542466151714,0.18385800351291925,0.6497250531188878
0.0007235515764517172,0.012163590681802606,0.0035864403591442952,0.005981114651078924,0.008001621785761952,0.0024327181363605213,0.002632870959329215,-0.01072401573531534,-0.06767666267796013,0.0036821754797219876,0.34299178204562775,1.3676441716625176,0.4403741915536341,0.6493604597680814
-0.007015273105968662,0.06466596025788021,0.027575217601705792,0.01966587848705456,0.02344101608371212,0.012933192051576042,0.005806418629472107,-0.07031333747554258,-0.09187838419238425,0.006760637972000359,1.2601611659133507,1.511273513901139,0.47669229217529346,0.6691966053426325
-0.002851154704609145,0.0055433582881592725,0.01174823550000148,0.010255055331937681,0.015119814226573837,0.0011086716576318544,0.002264858342656839,-0.07014429411489098,-0.14343571083283035,0.003290277986594735,0.21910720906905595,-1.3795225843965444,0.3101401232860641,0.5588077595332819
0.0022838441485412498,0.0016634436921247127,0.00856529994049499,0.00712949753742261,0.00917436399043869,0.00033268873842494254,0.0022686842377186325,-0.06617717269178669,-0.11128167623367569,0.00488472001667339,-0.32148657456197144,0.3113984844702243,0.3271015359159248,0.5588380145391231
0.0002295073723716875,-0.015532965193540338,0.010404119335396792,0.011128960408765886,0.016349713876727897,-0.0031065930387080675,0.002125949831840097,-0.04351488071271625,-0.07254258733256436,0.005799023696726362,0.32655369257321365,-0.3494903092514275,0.8611630306953675,0.9305027232475176
0.003453778086539954,-0.009534742206764875,0.015338013321546143,0.011357851724773717,0.017708744558345837,-0.0019069484413529749,0.0018916539072871452,-0.0728992466827234,-0.09807462279622525,0.007242835019224234,-0.44479482024267897,-0.38304853544969275,0.30501438296798605,0.8473049013935317
-0.0015183695347803113,-0.0027007156275656976,0.0031371528603803254,0.007606913297718196,0.011491102211300156,-0.0005401431255131395,0.00036859971400899765,-0.03825528211014295,-0.04077175291641999,0.004077177554814131,0.6975124879028308,0.8015243014151847,0.13262606370962224,0.34176996317211655
0.010633238599986113,0.008838312080444142,0.007375454931762857,0.012041306692346241,0.011861771270232163,0.0017676624160888285,0.0013641775097392248,-0.05329417214630905,-0.07309371399674369,0.007946277364692365,-0.1978442662364477,0.6545103754678043,0.9722718500638189,0.9945343756681001
0.015128102275505168,-0.004004775755170267,0.0113538847169312,0.012391124815793008,0.012795955121338375,-0.0008009551510340534,0.0008019870334661933,-0.03989492633355707,-0.06456306688680369,0.008769322504076717,-0.4164041745182607,0.624096869745463,0.2677704321200178,0.7417277511580587
0.014762217689127246,-0.011015163575888859,0.010883351224422163,0.01804045805302585,0.017708365374659415,-0.0022030327151777718,-0.00026123550646050804,-0.0953064373846344,-0.0953064373846344,0.00992521245941841,0.24548947172651167,-0.360823465052751,0.47946132393240914,0.7288309772765936
0.006672907266032386,0.006890813982841162,0.00399865055705627,0.013659952274159053,0.012320013612009711,0.0013781627965682324,0.0017868530969882847,-0.05684057908243789,-0.11823941576827046,0.00595780839297824,1.0258960315911314,1.0093850822685166,0.3704019259114235,0.6306042025484676
0.0072861858878800765,-0.012699487831754099,0.018905458159362055,0.011678521211715,0.00990289878015987,-0.0025398975663508197,0.0006499043890281147,-0.04247220028102516,-0.04247220028102516,0.009554102910548583,-1.1988039671318713,2.1850568637783043,0.8751228933087415,0.9924832912223533
0.01263644887606177,-0.014481959949774411,0.025136159330033634,0.01570141174063504,0.01337129117448264,-0.0028963919899548823,-0.0006168296271128606,-0.077787710749748,-0.077787710749748,0.012922953344685515,-0.9093322318587271,1.553792110813314,0.420056466118937,0.5807141576084384
0.0014272500090167731,-0.043315224786790514,0.030487468643341717,0.02218034360253257,0.018907542351100586,-0.008663044957358102,-0.0027824424976324257,-0.15385900949284625,-0.15385900949284625,0.01927782973182974,-0.9719181455804565,0.5973449084502743,0.41312102117214966,0.747323606774242
-0.0007882309162285355,-0.015493729631193283,0.008070156141841926,0.006309485994459989,0.006368627014152089,-0.0030987459262386565,-0.00041493260498680687,-0.04243867912379318,-0.04992746171265572,0.004749401101618032,-0.705345378211589,0.3159649658033303,0.3557938255069322,0.5404360897346077
0.010065043509692524,0.030599330729224293,0.0032706213262813436,0.005876730958253022,0.013070923982070139,0.006119866145844859,0.0038199709790595906,-0.010977282473914052,-0.06838492519511852,0.0044928609414157765,-0.5146597521954069,1.0604265029763495,0.2814286184856663,0.7959388895462621
0.017670854621989494,0.06200876292777187,0.005666128286660548,0.013096514854636277,0.017028569374104498,0.012401752585554374,0.007724910152097204,-0.04045741617453957,-0.04790348067716799,0.009243482743549303,-0.6493156021573032,0.5127313588209224,0.2618077296429226,0.4676447411683002
-0.001808805612880552,0.007992208981225702,0.007198037252086397,0.006999160550073661,0.016290432294709455,0.0015984417962451405,0.0011556797860332374,-0.019674365131334692,-0.10863293692197906,0.004117335349159419,-0.14408614140366066,0.1386018505612947,0.1013156706855064,0.6209336735743127
-0.0008235122360085572,0.014065747684573261,0.002946211697761052,0.005993417916221046,0.008006063691200565,0.002813149536914652,0.0026111974148557535,-0.01072401573531534,-0.06767666267796013,0.0036369985710083892,0.34922515084843586,1.3369246816263212,0.4376970606848048,0.6341144404302731
0.014224811033184797,0.0837825825547841,0.02575082032635355,0.01969019243375005,0.023038214365124484,0.01675651651095682,0.006549950310253174,-0.07031333747554258,-0.09187838419238425,0.0066433268285793715,1.13619195065524,1.2642107644522012,0.45373309253007105,0.6599377931105775
0.00022529970051162222,0.012681015701489821,0.010935473842465149,0.009928020526965764,0.0140093752127368,0.002536203140297964,0.0016127321888988275,-0.06614276689296084,-0.11827457084756443,0.003290277986594735,0.3806508246166431,-1.1014530534166194,0.3009371791460401,0.6499931731206837
-0.009011318849110099,-0.004143576521098946,0.009506752253544458,0.007563348469927376,0.008621525005740439,-0.0008287153042197892,0.0017438759510263091,-0.05646377739583108,-0.11128167623367569,0.004727437513311971,-0.23151983573865034,-0.2606374136872714,0.3604915680221695,0.6145070237340812
-0.013360680111170163,-0.011855269166486817,0.009237551465687669,0.01026806683190651,0.016194192457933576,-0.0023710538332973635,0.00021496821768847985,-0.04351488071271625,-0.07254258733256436,0.00571493128562971,0.20842480999384821,-0.5946416848843611,0.8486221029369228,0.9360532001009794
-0.013746129145652774,-0.0005478609494307535,0.012562913143258936,0.011431056863362838,0.017473708343110003,-0.0001095721898861507,0.00045486758508046657,-0.0728992466827234,-0.09807462279622525,0.006812111810445666,-0.2527005750045313,-0.6220474612420777,0.312480419757897,0.848202626491932
0.0003297446865040358,0.001978336938428882,0.0023040819417424157,0.006233941484191421,0.01130046141343627,0.00039566738768577643,-0.000560433155149482,-0.03825528211014295,-0.04077175291641999,0.004077177554814131,0.2291978338817161,0.4160705400026526,0.1008640292606497,0.24453710583735722
5.9477684863552113e-05,0.006364038641686906,0.007394185877432608,0.011986817786747078,0.011796461725738637,0.0012728077283373812,0.0015532235227751277,-0.05329417214630905,-0.07309371399674369,0.008306571701982264,-0.24873906737841778,0.7462909912871928,0.9734678996578058,0.9938685963225441
0.009704422475966444,0.005674690164408709,0.012314475318717644,0.012540799322076966,0.012689668849473144,0.0011349380328817419,0.001330310945138964,-0.03989492633355707,-0.06456306688680369,0.008741482857507765,-0.5211312408900768,0.541052618248555,0.2780607746437577,0.7287522235235804
-0.001231459475900494,-0.010547473987415977,0.01089077183458574,0.0177322959023944,0.01717531885139627,-0.0021094947974831953,0.00040025725314786107,-0.0953064373846344,-0.0953064373846344,0.010377724163507147,0.16412543969186408,-0.20547679056511137,0.47571330025005754,0.7101772030686935
-0.0022304583493346864,4.951528142202802e-05,0.0037804792659825925,0.013183160302267443,0.012274474608104116,9.903056284405603e-06,0.002380141173813977,-0.05684057908243789,-0.11823941576827046,0.005524203102175957,1.091777361307656,1.292936629687716,0.35864634514069765,0.6343577082114545
0.0034122828229517063,-0.0029849926880658535,0.01892131436210192,0.011623504111836222,0.009892949529997254,-0.0005969985376131707,0.0010558527369721612,-0.04247220028102516,-0.04247220028102516,0.009985906497012647,-1.3258647984628045,2.509935712531033,0.8913364511340135,0.9905963872290189
0.0009253967828968668,-0.006576158326228034,0.02506358210659856,0.01570246557473767,0.013337508437989335,-0.0013152316652456067,-0.00048097066634510236,-0.077787710749748,-0.077787710749748,0.013240756783565667,-0.9379102751769003,1.591910015239636,0.4422838388309021,0.6099954841902815
-0.0053971141472512725,-0.03322015279607241,0.03025553675034995,0.02207182743657091,0.01893302598636347,-0.0066440305592144824,-0.0033893810331375772,-0.15385900949284625,-0.15385900949284625,0.018853712558566466,-0.8994343428979249,0.5483683070402062,0.437320452600105,0.7501379132060845
0.00198987988525572,-0.008816062435835884,0.008290966362708013,0.0062620639006507025,0.006367450263052954,-0.001763212487167177,-0.0005006256607442801,-0.04243867912379318,-0.04992746171265572,0.004749401101618032,-0.6892005138654512,0.3739864285685047,0.37923944140193666,0.598514346326523
0.0006441897509275495,0.026376180320415984,0.004112027060969993,0.005816406800175733,0.013002838234644308,0.005275236064083197,0.0039027941482136647,-0.010977282473914052,-0.06838492519511852,0.004943334235981946,-0.55429315748216,1.2635695928052366,0.2791908920007802,0.8281011798217234
-0.004188002326727841,0.042483725132442106,0.008927187425329537,0.013363034500032192,0.017059182880315268,0.00849674502648842,0.007104810323184889,-0.04045741617453957,-0.04790348067716799,0.008583001614896422,-0.4978726326304385,0.11274675107767738,0.2576313548034657,0.4932323141716249
0.006842254448735662,0.020128685177023955,0.006280463968781191,0.00599041026101888,0.016156807779296234,0.004025737035404791,0.0022426137395385464,-0.019674365131334692,-0.10863293692197906,0.0016350721255185999,0.333598991990306,-0.9228475939232393,0.038240933635974396,0.5109379775008213
0.003840148351335241,0.014746972566848723,0.0029817363631246888,0.005947747701929733,0.0080109154530974,0.0029493945133697444,0.002502101433496947,-0.01072401573531534,-0.06767666267796013,0.0036369985710083892,0.4079670243502652,1.5149486857296548,0.49682722713109545,0.7706459530950824
0.013657502354649513,0.10132794739070058,0.02331450476228217,0.01956575144871241,0.023052485241745475,0.02026558947814012,0.007467665018919706,-0.07031333747554258,-0.09187838419238425,0.006918936177943738,1.0154516133350353,1.1274874015697587,0.44708256797740004,0.6546750095541789
-0.012164289993234384,0.01204132040703283,0.011142878590390067,0.010366490935724374,0.013639014788251963,0.002408264081406566,0.0007898100866263965,-0.0640356282737572,-0.09129003439909888,0.00345692213619892,0.4612769601273866,-1.1344423327763786,0.3504854473017927,0.6765729049483082
-0.0058475208414636515,0.002650200108253813,0.0077125479745875115,0.007459940894452487,0.008476010525821899,0.0005300400216507626,0.0009340985107773043,-0.04670962822284919,-0.11128167623367569,0.004422865197147169,-0.029304590595019876,-0.23836375191807319,0.421567457717875,0.5581552237070168
0.007370287568194209,0.006274511263286229,0.00866197817487112,0.010308376193913593,0.0162048979413133,0.0012549022526572458,0.000836010138941408,-0.03598591593212863,-0.07254258733256436,0.005944927568616357,0.03226417337672637,-0.6680922105536112,0.8516937484419299,0.9368506429584175
0.010735627592759079,0.023204516227098956,0.010833918869934967,0.011572642758357827,0.01750300590537556,0.004640903245419791,0.0012482837108565245,-0.06663588180480629,-0.09807462279622525,0.006933469842434037,-0.42486553126458537,-0.6159540896712516,0.29877329654359325,0.8344192190200346
-0.007299336284969676,-0.0031512633493053707,0.004141388702762793,0.006131370241345826,0.011354803779231324,-0.0006302526698610741,-0.0004808916348742468,-0.03825528211014295,-0.04077175291641999,0.003942852344468341,0.2666367558103145,0.5283184738240508,0.07725196350566065,0.24524279843923202
-0.004778632510229794,0.011371833426706578,0.005656712541139546,0.011626062767888723,0.011803137058500666,0.0022743666853413157,0.0019418309142517382,-0.05329417214630905,-0.07309371399674369,0.00810206576213869,-0.289121401152029,1.1919206070839719,0.9707940933817625,0.9935917595525134
-0.0071195377686214464,0.014440678004354536,0.009613231625303252,0.012557268145972527,0.01273182003331799,0.0028881356008709073,0.001306363035904858,-0.03989492633355707,-0.06456306688680369,0.00871390798161742,-0.5155879966638788,0.517884405572238,0.2940829434882369,0.8091660007273611
-0.002512749834805315,0.001918602284095061,0.008335135862408149,0.015950854178332224,0.017075909878353075,0.0003837204568190122,0.001914943413646925,-0.0953064373846344,-0.0953064373846344,0.008043317762387424,0.4352272386714588,-0.08299513734768092,0.47580085399129424,0.7392978736427412
-0.00938741217690475,-0.008382198081008482,0.00570803123887684,0.013352010691256938,0.01232551262172494,-0.0016764396162016963,0.0021534203187414864,-0.05684057908243789,-0.11823941576827046,0.0056401437701462005,1.0767491741647064,1.1784338910847851,0.36918988965254806,0.6235722319710278
-0.0002992148593550843,0.029607053828753425,0.006648035656492776,0.011195776816501185,0.009895611004275422,0.005921410765750685,0.00032371282057956695,-0.04247220028102516,-0.04247220028102516,0.010060812533761522,-1.3632686304930626,2.8696162592702423,0.8805995483599078,0.9904656338001415
-0.012910952182243153,0.023224225224035965,0.013747211739740462,0.015521344712683129,0.013404100442454556,0.0046448450448071926,-0.0018514530321225714,-0.077787710749748,-0.077787710749748,0.01256527479187054,-0.7586046033231514,1.4074164350806107,0.4431943426878762,0.5934691371665539
-0.01550466780726307,0.007667533400678111,0.01525487337357698,0.02184874601748688,0.01902680748933223,0.0015335066801356223,-0.004847248688384998,-0.15385900949284625,-0.15385900949284625,0.0179300630346244,-0.7422238014879895,0.41656630464878286,0.4425824867588112,0.7535315309537641
-0.0011000701492719517,0.004421945121881137,0.004533873800466155,0.006079663699956156,0.0063306452145262294,0.0008843890243762275,-0.0008495638501586414,-0.04243867912379318,-0.04992746171265572,0.0046584597754523345,-0.6291920187203787,0.5720142942402134,0.3734505496852486,0.6017932389138977
0.0064283836677780145,0.03044448239130593,0.0037800950279356722,0.0057912326449879,0.012989922576197934,0.006088896478261186,0.003856677958779746,-0.010977282473914052,-0.06838492519511852,0.004943334235981946,-0.5424996470740847,1.3192939825429388,0.3320355696502539,0.8140117162459146
0.011226080493007308,0.037231626189785705,0.008015730932173106,0.012965815552156387,0.016977277749562803,0.007446325237957141,0.0065857789404695334,-0.04045741617453957,-0.04790348067716799,0.008583001614896422,-0.4914818396089015,0.3585308576873001,0.3877869553092575,0.8407640792775397
0.008155151150068898,0.026973683700334043,0.006286568458740387,0.006129197771007611,0.016185887791419586,0.005394736740066809,0.0024677954468220213,-0.019674365131334692,-0.10863293692197906,0.0016350721255185999,0.24070892953457348,-1.1443591081353073,0.06041746758928052,0.4999028440073409
0.005748314361678298,0.013866161031363315,0.002724948184135283,0.0058862646820133134,0.007955250760073038,0.002773232206272663,0.0028950320815048693,-0.01072401573531534,-0.06767666267796013,0.003964591872980647,0.2359692250075816,1.5943357794866044,0.48824061430041826,0.7498693464159367
-0.0066427593466891685,0.07107805622575349,0.026000705170300547,0.01958627271114593,0.02266906453972554,0.014215611245150698,0.00744005104883314,-0.06050309743342075,-0.09187838419238425,0.0068862374747414665,1.0144944158646736,1.1178834909306392,0.3955636493282199,0.6729195923180006
0.012073601158499665,0.012883232193126327,0.01131458259258334,0.010667653329688713,0.013635594500894122,0.0025766464386252656,0.0012807981366216963,-0.05504080154481972,-0.0861718174481565,0.00345692213619892,0.33882626153521433,-1.3988204111059916,0.38080225266867274,0.7383114969509054
0.00866972401395653,0.0025195354100088123,0.007677661727698839,0.007361484485393828,0.008553605650576774,0.0005039070820017624,0.0008533450238781663,-0.029039017535428258,-0.11128167623367569,0.004422865197147169,-0.04592236338748648,-0.16165311831001072,0.42232861099453173,0.5736744309424155
0.02179262047853494,0.020890470030827595,0.012689807409019581,0.011237557202200581,0.016382711072373306,0.004178094006165519,0.0015336075010795995,-0.028480215337121084,-0.07254258733256436,0.005944927568616357,0.18280979283232945,-0.7312918745852169,0.8641075227661341,0.950350491428511
0.022488002394566498,0.03531433117321719,0.013470042564229697,0.012402506672365294,0.01768265612921961,0.007062866234643438,0.0019091300953841394,-0.06663588180480629,-0.09807462279622525,0.006933469842434037,-0.24506501547996415,-0.673442266745281,0.34977305648262896,0.8331368753542379
0.017596029878945152,0.012349058129933404,0.009291379339926553,0.0073459565128253575,0.011539462067727222,0.0024698116259866806,0.0003582991328795528,-0.03825528211014295,-0.04077175291641999,0.003942852344468341,0.643613298943046,0.612767833564849,0.17627762221131504,0.34267910637418025
-0.008661993004918047,-0.0012557965418069517,0.00729461697912619,0.011746985413070059,0.01175476596181082,-0.00025115930836139034,0.0017934126770602435,-0.05329417214630905,-0.07309371399674369,0.008130356858565842,-0.26512157998938046,1.017303678563177,0.9709040837023281,0.9939988081425764
-0.01263401942247656,0.00746067383636052,0.011487838709077252,0.012937227946103308,0.0126641052866727,0.001492134767272104,0.0005930267289600239,-0.03989492633355707,-0.06456306688680369,0.008184236231062712,-0.36065726041816104,0.035931296355346413,0.30012353913184153,0.7807434732703351
-0.008298304654453503,-0.004225943334968464,0.009209853813520125,0.016053681794902838,0.017056507771438113,-0.0008451886669936928,0.0017246646193394464,-0.0953064373846344,-0.0953064373846344,0.007941459534286953,0.4550887624266744,-0.13520330232399622,0.4746389080473742,0.7466380872205042
-0.004668208544532848,-0.010681675142506133,0.0058681423132953365,0.013342190430001783,0.012164901195282752,-0.0021363350285012266,0.00217118787994727,-0.05684057908243789,-0.11823941576827046,0.005645172727426836,1.0759757298609278,1.1841321601071946,0.3848682301714907,0.7060162535786253
-0.006877307524501509,0.005956134282637884,0.005266622045013901,0.011309446745239206,0.00984044541417976,0.0011912268565275768,-6.229430928436308e-05,-0.04247220028102516,-0.04247220028102516,0.009472903982163054,-1.22385809273179,2.411692099003375,0.8962575956728486,0.9905676223705406
0.0030004837558190987,0.003067707997660572,0.009147271338057273,0.015527023136539662,0.01324111694953562,0.0006135415995321144,-0.0018334949621270212,-0.077787710749748,-0.077787710749748,0.01256527479187054,-0.7612601944229217,1.4047060658245916,0.4523515388004423,0.5665011177411258
-0.0005276907282780201,-0.018733555568277944,0.007128452854645493,0.02158875355072455,0.018899410914379824,-0.003746711113655589,-0.005385331384441271,-0.15385900949284625,-0.15385900949284625,0.01793256132458286,-0.7057321337378386,0.501475346124993,0.44742067292465987,0.7294938622291084
-0.0014575077920435985,-0.005154390781523144,0.0020633817195756876,0.006081186147790056,0.006124591878830292,-0.0010308781563046288,-0.0008792456559740853,-0.04243867912379318,-0.04992746171265572,0.0046184896299846295,-0.6125081218539324,0.5529376464502447,0.383729578350144,0.6166390429869392
-0.001577214261460613,0.019874044467081613,0.004613669352531604,0.005675844318375894,0.012619855141692464,0.0039748088934163225,0.003241813598760445,-0.010977282473914052,-0.06838492519511852,0.004422758802860548,-0.36839372499922546,1.3387882014655992,0.2894270748103207,0.7452403204391227
0.008772783376867228,0.039827598199729496,0.00799699601566486,0.012638816107334156,0.01688504517506696,0.007965519639945899,0.006065733901032522,-0.04045741617453957,-0.04790348067716799,0.008583001614896422,-0.4508608099010939,0.6012068171879384,0.4225305089945538,0.7826934130731144
-0.007063088404383985,0.006236065752774944,0.006299135869014861,0.00619230373216372,0.015475614128693714,0.0012472131505549887,0.0016006570778558393,-0.019674365131334692,-0.10863293692197906,0.0018476963401998362,0.3727773496732119,-0.9221706970112896,0.03625767812745214,0.5448288795259287
-0.002401933812866475,0.0070865682405902375,0.0033435367802397884,0.005973147068077303,0.00789674038749109,0.0014173136481180474,0.002512369076672443,-0.01072401573531534,-0.06767666267796013,0.0036277534948961684,0.3953026191440736,1.436345447032552,0.5268430779418439,0.7663817442034625
-0.0113544922384334,0.002869788696743052,0.01234392851310185,0.02001162259553573,0.02270231405531565,0.0005739577393486104,0.0063474807072681815,-0.03973434497761097,-0.09187838419238425,0.006479142164094902,1.0846958172006995,1.0586058612989544,0.39847922788905854,0.6433429210390378
0.009546146744594955,0.006829602905762674,0.009794409905373976,0.010478426179957857,0.013683207112477095,0.0013659205811525348,0.00225397896200175,-0.0362314322615751,-0.0861718174481565,0.0035825342082785906,0.14707651140954695,-1.4448726339075242,0.4129585002567809,0.7276178700209759
0.002971302972401554,-0.000933968555674423,0.007148979085608761,0.0073673957238477965,0.008550419195667859,-0.0001867937111348846,0.0008752504155437844,-0.0199880227383189,-0.11128167623367569,0.004422865197147169,-0.0550267730012668,-0.17144628690589106,0.3651699484282365,0.6010151182548475
-0.007442753701512935,0.008588981606417724,0.013678818977534559,0.010828828863666599,0.016435897953190347,0.0017177963212835449,0.000337579017542296,-0.028480215337121084,-0.07254258733256436,0.005585247631410882,0.3870283746556042,-0.40011928981281586,0.8687687772632436,0.9568880850284893
-0.008322397874130468,0.014608881054082284,0.014563885353103136,0.012574399924656374,0.017742300178485878,0.002921776210816457,0.0012141753331126482,-0.06663588180480629,-0.09807462279622525,0.006521785089711278,-0.08368425696393865,-0.8438381954052904,0.3267758616945073,0.8458817286234117
0.001632203373203109,0.010740272118902302,0.009285851524202204,0.007346085336664729,0.011535685896926662,0.0021480544237804603,0.00047891346814404325,-0.03825528211014295,-0.04077175291641999,0.003879894776359561,0.5893673179157378,0.5624656276949752,0.16640159944405675,0.357474840708405
0.007558206826566508,0.004810297596268364,0.008115316537951167,0.009520994593617327,0.011724976369933728,0.0009620595192536729,0.0035568977026898,-0.03675777921283385,-0.07309371399674369,0.0035552018718892652,0.6305686227247427,-0.49441908007258806,0.9519294621625259,0.9911301210293776
0.009091362555722378,0.014170330116095965,0.01199827884382062,0.010875042038574721,0.012691517332752204,0.0028340660232191927,0.002542118510691996,-0.036807449993671026,-0.06456306688680369,0.0041465587589908015,0.10453113954938927,-1.1702523882869746,0.19681671138299434,0.6990680642992982
-1.1204631120007802e-05,0.002708499092847849,0.008560786580229844,0.01454256374145914,0.016952429462369988,0.0005416998185695697,0.0030905880483104056,-0.06946874506636258,-0.0953064373846344,0.005809824244418176,0.7644024918234559,-0.06261835987219251,0.4655487066325235,0.685949591461735
-0.011603089178419953,-0.021216260983159867,0.007141849317312593,0.012618463680054615,0.012244320305061488,-0.004243252196631973,0.0026467206260304002,-0.03747828354864147,-0.11823941576827046,0.0035733026757658135,1.4376460976039618,1.3501415602132032,0.2959718418771713,0.7106733750927235
-0.010365105586658872,-0.006843159259683651,0.007248943289664425,0.011135447280689744,0.00995666592805831,-0.0013686318519367303,9.31382509482769e-05,-0.04247220028102516,-0.04247220028102516,0.00937674463791774,-1.2728124211136704,2.7795687629816377,0.8849917303342311,0.9889530479013567
-0.019418549440863145,-0.015767172208328538,0.012880131083591971,0.015944305753728377,0.013550377637451939,-0.0031534344416657076,-0.002343579408213787,-0.077787710749748,-0.077787710749748,0.012718416131569753,-0.6690118658890237,0.8964974691465394,0.4910289998011746,0.652888183538095
-0.02304693575483407,-0.043049158428609714,0.010396565591941121,0.02190139434721263,0.0191945854893089,-0.008609831685721943,-0.006530064501261604,-0.16721216646674464,-0.16721216646674464,0.017091684505030607,-0.5330116545352235,0.14579465937117825,0.538736814489327,0.7466363877252715
-0.006074240221032937,-0.007430169193321302,0.0029056120115549472,0.005474012422628209,0.0061644369895710385,-0.0014860338386642603,-0.0005113310789066104,-0.03947509474374433,-0.052877410781613454,0.0037488156044524724,-0.4088700706094789,0.8527888341001965,0.30189472423636765,0.5990218724040769
0.012048775305153582,0.027609177972091052,0.005879018782693961,0.006006002452003658,0.012618274259472791,0.00552183559441821,0.003623749413153952,-0.010977282473914052,-0.06838492519511852,0.004422758802860548,-0.33923952021140524,0.7585912278420699,0.3369157726400185,0.7637268124505081
0.02186007442179313,0.055341790586929375,0.009976286566477408,0.013087779355051137,0.017024741671222487,0.011068358117385876,0.007025591003048741,-0.04045741617453957,-0.04790348067716799,0.008583001614896422,-0.5471549076834729,0.3684794450964479,0.450025556807274,0.8176954329727636
0.0014889682917501976,0.007614479873290206,0.006267034737432384,0.006154406729768611,0.015281030335595795,0.0015228959746580411,0.0014497523651735185,-0.019674365131334692,-0.10863293692197906,0.0018476963401998362,0.45529664340932013,-0.8104954606208465,0.03859719010643592,0.6338334586514899
-0.00044284723847848534,0.005920169425660034,0.003443245136354357,0.005168090128836667,0.007895859857888248,0.0011840338851320069,0.0017192957887476059,-0.01072401573531534,-0.06767666267796013,0.0034752641474935717,0.2043390511531233,2.4974516815271435,0.4848623874240649,0.7101188668429954
0.014497972188046583,0.024383033990758297,0.012778968008746016,0.01807034840879804,0.022705465444312987,0.00487660679815166,0.0048661134559005535,-0.03973434497761097,-0.09187838419238425,0.006479142164094902,1.2181105847731575,2.4372194426897953,0.3292106356992465,0.6079565283090235
-0.00645104341804491,0.0032297141923269086,0.010301107028216603,0.010292950921135842,0.013287928228825494,0.0006459428384653817,0.0012511394627729763,-0.0362314322615751,-0.0861718174481565,0.003396786564282042,0.36719744737072924,-1.2612311196645125,0.34659876799369,0.6856176609053891
-0.0007481932013477274,-0.0039660059055634,0.0070143437989880365,0.007283121901511186,0.008328927242720802,-0.0007932011811126801,0.0005492876030124659,-0.01735272614556771,-0.11128167623367569,0.004446504792941205,0.0739210663981848,-0.027570997606563338,0.3303181603505145,0.6107181839800196
0.005557345240056088,0.013916819474102123,0.01374127282237681,0.01089011412175187,0.016438244191121634,0.0027833638948204244,0.0005465412354675886,-0.028480215337121084,-0.07254258733256436,0.005585247631410882,0.3229504592445783,-0.5000326766665304,0.8859844759541335,0.9665227569150772
0.010107130612465038,0.021262233580007367,0.014924140663937728,0.012323382504931953,0.017761189867514154,0.004252446716001473,0.0009579006963188561,-0.06663588180480629,-0.09807462279622525,0.006521785089711278,-0.08367912621496922,-0.7309595003596905,0.35421255057657913,0.8079688570367591
0.004743855269557451,0.017002496923240063,0.009087912020991523,0.007357299257049143,0.011537018374603166,0.0034004993846480126,0.0004981919637108234,-0.03825528211014295,-0.04077175291641999,0.003879894776359561,0.5807607553689976,0.5325132628310283,0.17045894259081584,0.37622071064321416
0.000401445092204095,-0.005421495911513653,0.006108971150930725,0.008969720238047806,0.011723214110702181,-0.0010842991823027306,0.002711145038050763,-0.02282468548849903,-0.07309371399674369,0.0035552018718892652,0.8557591258608042,0.25244000796610755,0.947586005774053,0.9896637357819466
-0.004237972707889622,-0.005195744867298826,0.009996201944308412,0.01047935145847748,0.012630690984680667,-0.0010391489734597652,0.0015217691486884856,-0.036807449993671026,-0.06456306688680369,0.004105034573163935,0.29803958522390883,-0.9203781621696712,0.23826708677018274,0.6886902368865897
-0.0035922640578993728,-0.01564598265417877,0.0031873733807669803,0.013345696525802402,0.016945755294946324,-0.0031291965308357537,0.0015030056754433761,-0.06395230313362688,-0.0953064373846344,0.005625954659190655,0.9926137235961017,0.9343459062393841,0.4169427064667646,0.6874424852022233
-0.005848826411687223,-0.033737994660879476,0.0037443495754062323,0.012032470463205743,0.012254822842645416,-0.006747598932175895,0.0013382141588089663,-0.03442570886979057,-0.11823941576827046,0.0034309259865753614,1.8161523929435504,2.9344092198030642,0.4810705489088021,0.5990317564940423
0.006199462056406542,-0.007929883091157185,0.006934022945339163,0.010990609112259768,0.009951537036,-0.001585976618231437,-9.517299937860952e-05,-0.04247220028102516,-0.04247220028102516,0.00937674463791774,-1.2990374725868181,2.966750192198183,0.8580450960639793,0.9808594198180678
0.012855522169486069,-0.015548098914904239,0.012947468718737667,0.015302977522444175,0.013605768673993122,-0.003109619782980848,-0.0028158055971440714,-0.077787710749748,-0.077787710749748,0.012718416131569753,-0.8407307000567638,1.13656846514069,0.47232932699055735,0.627173001625003
0.023182826306004305,-0.02129358213162218,0.01766156404214631,0.02217594385415138,0.019346224084501963,-0.004258716426324436,-0.006321189800548116,-0.16721216646674464,-0.16721216646674464,0.017091684505030607,-0.493475835453741,0.09472174938264288,0.5671995519431757,0.7824580110097352
-0.00394696770261786,-0.010588905979710626,0.0030554896331776945,0.005456470387056645,0.006177142605102147,-0.0021177811959421254,-0.0008631869464410649,-0.035053958411755626,-0.05660830534800654,0.0035892571811160633,-0.22897888006409248,0.7999570249520205,0.27923546502324864,0.6255401105572941
0.011591553122132022,0.02913568758453055,0.006204557473634292,0.006202151659109387,0.01264204114479827,0.0058271375169061095,0.003814407117342662,-0.010977282473914052,-0.06838492519511852,0.004422758802860548,-0.30414963356488994,0.460793551660983,0.3495264373300168,0.7384957048549406
0.016324598572319007,0.05399553453725889,0.009769567508114523,0.013249963549970514,0.01698184872375921,0.010799106907451778,0.007521721622927276,-0.04045741617453957,-0.04790348067716799,0.008583001614896422,-0.6319613090974852,0.3035367855126449,0.4150267528115193,0.7593193218533011
0.009527087755156156,0.018950373241326916,0.006789131986141967,0.0062427546978011715,0.015184524669804836,0.0037900746482653833,0.0015207053163646678,-0.019674365131334692,-0.10863293692197906,0.0018476963401998362,0.45407184244909937,-0.8792982497973659,0.053356667168287554,0.5886010335016106
0.017720073043109456,0.02446375470477805,0.007874979156813436,0.006278098402163153,0.008089893698068415,0.00489275094095561,0.002557321738502636,-0.01072401573531534,-0.06767666267796013,0.0034752641474935717,0.6345128371458532,1.7152231772507145,0.6122856904345674,0.7809229174898177
0.016468158460244072,0.02662638141781757,0.01322097499670111,0.01825430385778646,0.022705896707260375,0.005325276283563514,0.005364314433615733,-0.03973434497761097,-0.09187838419238425,0.006479142164094902,1.1056287195588856,2.0564776799216578,0.3331414970648718,0.619477334530826
0.009281219729572713,0.012285634221388,0.010982262435959275,0.010332999133071842,0.013332901226871322,0.0024571268442776,0.0013036000300169143,-0.0362314322615751,-0.0861718174481565,0.003396786564282042,0.35543495443630485,-1.2941717687963656,0.27335873875251,0.6921564135458271
-0.0028451395283145132,0.0022001734152321856,0.005609650506360275,0.007302493184476653,0.008332963049443712,0.00044003468304643713,0.0005031714866470386,-0.01735272614556771,-0.11128167623367569,0.004381404582102164,0.09078041701423824,-0.05975621904481471,0.33201568083851063,0.6141409685271436
-0.0013799078616672086,0.025897591723605076,0.010991874376420982,0.010897882028999118,0.016448269893494925,0.005179518344721015,0.000427255329025263,-0.028480215337121084,-0.07254258733256436,0.005768809245334938,0.35842044464204514,-0.49021980645466656,0.9139451783634058,0.9766350608822314
-0.007434405467008413,0.027573957258651735,0.01318698324076328,0.012204799726499918,0.017810058294093864,0.005514791451730347,0.0010979776069215679,-0.06663588180480629,-0.09807462279622525,0.006653281959065526,-0.09829633913908395,-0.650695189373708,0.3526708302628434,0.8076574889758001
-0.0013805732525100762,0.015292178984225952,0.009262891871065899,0.006917108430044866,0.011544889068601589,0.0030584357968451905,0.0009493339274527508,-0.03825528211014295,-0.04077175291641999,0.0035899714530881455,0.7088707515902916,0.9633754700950564,0.10733593162998756,0.3823343101345019
0.0046027899906231915,-0.0008781836057540132,0.006636726122287798,0.007907019413463553,0.01171635925914332,-0.00017563672115080263,0.0018959853023832087,-0.02282468548849903,-0.07309371399674369,0.0035552018718892652,0.8824359634377904,1.0764617499996967,0.9386566593519122,0.9868074074604524
0.00884789066821665,-0.00605227667504862,0.009770858576466025,0.009974741513825386,0.01265579503922708,-0.001210455335009724,0.0011034143465772776,-0.036807449993671026,-0.06456306688680369,0.004105034573163935,0.2809218599510648,-0.7267121124353035,0.21896723226021825,0.6479370027120834
0.007033389921942683,-0.007381133256335593,0.005627002013514902,0.012449521071825146,0.016671335186443,-0.0014762266512671185,0.0007103625256428132,-0.06395230313362688,-0.0953064373846344,0.005625954659190655,1.14410640299728,2.0689576848960516,0.3777863110850833,0.6917966078394351
-0.0008649671367452682,-0.032372503448290055,0.004180565138725502,0.009466752238632503,0.012251887485675527,-0.006474500689658011,-0.00034985526671363896,-0.03526053779786109,-0.11823941576827046,0.0034756837963930897,2.163066317999993,6.077588549757077,0.47168927294833685,0.6351092693520248
-0.0005275338481369987,-0.01186969976224589,0.00642954060181968,0.01067848484937273,0.00990867219692864,-0.002373939952449178,-0.0006692862134600591,-0.04247220028102516,-0.04247220028102516,0.00927641015042106,-1.3017157755905344,3.308963199173069,0.8547465920223435,0.9793260057221045
0.004096017081760448,-0.012377478616040659,0.01326816737735905,0.015380293204371145,0.013564710975349739,-0.0024754957232081317,-0.002518470856016692,-0.077787710749748,-0.077787710749748,0.01283952517092965,-0.8872715003908013,1.1278783914275667,0.45214135020845314,0.6507751870876197
0.0028679348087003623,-0.013028533175670546,0.017913363581870623,0.022062195478766578,0.01930619894518594,-0.002605706635134109,-0.0065310016478451315,-0.16721216646674464,-0.16721216646674464,0.017091684505030607,-0.4782816161770214,0.139413186482209,0.5466584130376478,0.7926625678786912
-0.004999114232265336,-0.01757790009723168,0.0021796823362073147,0.0054832603515944465,0.00612026259277642,-0.0035155800194463364,-0.001219919223622391,-0.034094971437551136,-0.06131265959594323,0.0034587075691748016,-0.04311684513437723,0.6839541185357193,0.2919915645843714,0.6215747460843359
-0.0391151339582596,-0.0106236361246566,0.02139375018092182,0.011367291500699272,0.0136983858912652,-0.00212472722493132,0.0014986298558235535,-0.03836001464547967,-0.06838492519511852,0.015043181711722238,-2.511917530803672,8.636909505660402,0.705297127703696,0.8991586845334244
-0.06893545226229987,-0.01075191539831314,0.037670671036457326,0.02147044817266584,0.019305516481758257,-0.002150383079662628,0.0032945933289355066,-0.066613073851711,-0.066613073851711,0.024008177476858347,-2.1272541109843743,6.24255812081424,0.6854176198916602,0.8556160523224887
-0.027278525589482044,-0.01517040679689079,0.015062086887416165,0.008974685105975523,0.015409541463994961,-0.003034081359378158,0.00015507102234903672,-0.026909826737761544,-0.10863293692197906,0.007806225310464567,-1.2679346739502286,3.5985323199300856,0.2645311535128014,0.6461724980739086
-0.022895815185970943,-0.0022722088325281345,0.014800297909216604,0.008468761356169068,0.00869410639170191,-0.0004544417665056269,0.001432677573065984,-0.022635695012573565,-0.06767666267796013,0.0078015100288731706,-0.8812956114434458,3.2173413697546733,0.7714466038521977,0.8535600989124588
-0.01930491414085075,-0.00633603507768269,0.015961616680745725,0.019053631831608842,0.022922730949658535,-0.001267207015536538,0.004365434287996633,-0.03973434497761097,-0.09187838419238425,0.006851242227090927,1.0211046148781353,1.6195317055123701,0.34756641008248224,0.6331873704303181
-0.004229951656055037,0.020219972558567348,0.008671516539981541,0.010264171594809536,0.013299203142295359,0.00404399451171347,0.0014055636389376824,-0.0362314322615751,-0.0861718174481565,0.0035356541854649256,0.3438416575238587,-1.2663385107481355,0.25755922273250637,0.6324134699183872
0.0003465596936429965,0.008394253950338834,0.004434940010270757,0.0067654599997724095,0.008263828832869266,0.0016788507900677668,0.0010803739513287228,-0.01735272614556771,-0.11128167623367569,0.004081302649729412,0.1315583180960138,0.42189790024287527,0.3098870925394928,0.6002143505713735
-0.0039618681407144266,0.01456543601469644,0.011579800686016528,0.010941669267511936,0.01646747072060126,0.0029130872029392877,0.00023880558812375787,-0.028480215337121084,-0.07254258733256436,0.005299968800136916,0.40778687993020607,-0.5046040636180387,0.9198729555674414,0.9798690747901228
-0.00523167430816957,0.01160665535772308,0.0135353662518496,0.012283618211514292,0.017838339646568353,0.002321331071544616,0.000737123756510891,-0.06663588180480629,-0.09807462279622525,0.006496799195199566,-0.006487263895164194,-0.7270806396469778,0.4142950714034486,0.8338234957471633
0.004769283004165985,0.027360798273361613,0.007240820129981636,0.006639191701383585,0.011456026355310294,0.005472159654672322,0.0015823726138120236,-0.03825528211014295,-0.04077175291641999,0.0035782762483136765,0.6320465708715518,1.1739754693023687,0.10579500773174862,0.4226471174481258
0.005992769606915056,0.009893218511390836,0.00651616413561359,0.007906108695911787,0.011651516844286343,0.0019786437022781675,0.002287817903005412,-0.02282468548849903,-0.07309371399674369,0.003672234839159576,0.7317226430764222,0.880753006037747,0.9313055670144884,0.9867296974285026
-0.00075598885233187,0.0003112722412409565,0.009206913745928323,0.009708561459962451,0.012527027892510426,6.22544482481913e-05,0.0015097005365233341,-0.036807449993671026,-0.06456306688680369,0.004694191597301943,0.22829755161879764,-0.5477177902613953,0.2278431699117262,0.6901487852406747
0.010483102471819486,0.005614719050289208,0.00766200600315571,0.012276174745435901,0.016625043938255715,0.0011229438100578417,0.0005350570033348757,-0.06395230313362688,-0.0953064373846344,0.005625954659190655,1.1963559622222921,2.405348607536876,0.3830920185712824,0.6798847788103252
0.0013848239061463462,-0.02160026736523896,0.004999605365436152,0.009335998653309623,0.01217528083799762,-0.004320053473047792,7.632158971096322e-05,-0.03526053779786109,-0.11823941576827046,0.0035427027829934435,2.1258156523111333,6.110982487629994,0.4739672793626562,0.6751220476877564
0.0030314955358398386,-0.008538989367050968,0.0068565933899531915,0.010523631711184905,0.009909298796729266,-0.0017077978734101936,-0.0009168303407743047,-0.04247220028102516,-0.04247220028102516,0.00927641015042106,-1.311555726299034,3.5321320568896137,0.8579536449876812,0.9792746278917243
0.008148496946247207,0.008681970512449701,0.012444350640226176,0.015424512349232205,0.013571174023862924,0.0017363941024899402,-0.002453681877384179,-0.077787710749748,-0.077787710749748,0.01283952517092965,-0.8874367781672707,1.0995433413735944,0.45100046222977425,0.6567944731341194
0.003859708989064583,0.006335843620657107,0.01646190269528909,0.020841007211263092,0.01926755552462182,0.0012671687241314214,-0.007653295039712309,-0.16721216646674464,-0.16721216646674464,0.017091684505030607,-0.6091778984868614,0.4537051773343769,0.53881279614293,0.8250068032949922
-0.0015884154677323983,-0.018066245415692128,0.0020515627819760462,0.004947349051070777,0.006116985022840429,-0.0036132490831384256,-0.0017406400952241104,-0.035628012050239466,-0.06280250152957256,0.0033941289267483557,-0.19613572848431135,1.411658172297828,0.24141124814289747,0.6021297629321869
-0.009402508901338104,-0.026454528693772718,0.02097890104065421,0.011624182577131307,0.011083444841788411,-0.005290905738754544,0.0010272434112593438,-0.04735946814558101,-0.05646018962732702,0.013732522252958259,-2.26189339882869,7.184792528881347,0.7753824891095532,0.9169254801579064
-0.019250169629176674,-0.04122816552049712,0.03743003601178447,0.021676628835727352,0.018281093493996158,-0.008245633104099424,0.0030871100184272056,-0.08440909276723452,-0.08440909276723452,0.023991114187214994,-2.065274144020654,5.824299527975424,0.6778436087502162,0.870675789105186
-0.004202945578423418,-0.027528503525383108,0.013721230393793395,0.009004797347799244,0.011861539382870812,-0.005505700705076622,-0.00018874165750245962,-0.03099108910919013,-0.10863293692197906,0.007411934039595344,-1.1358298827038118,3.2807629193189225,0.2824713988184466,0.6924512448086011
-0.003969267719741518,-0.011989790913947952,0.01441517265245405,0.00854464120320313,0.007427709622594992,-0.0023979581827895903,0.001087300859529071,-0.0265074265460028,-0.06767666267796013,0.007314629470448412,-0.7383097094897904,2.8310693088111067,0.7908573975183559,0.8538314112688337
-0.025237273205475457,-0.02493054893646898,0.019336553140415266,0.019381056292647227,0.02313855453268627,-0.004986109787293796,0.004146505689068486,-0.04356475022263051,-0.09187838419238425,0.0076785265402556846,0.928412598353588,1.516339475529506,0.38398660208360136,0.6092226847968046
-0.014643351565182997,-0.006496980165115313,0.010520979093463449,0.010598531866538084,0.013430196877237607,-0.0012993960330230626,0.001159488012230087,-0.0362314322615751,-0.0861718174481565,0.004195513076997931,0.25435051816257226,-1.223083225147854,0.29156154660441885,0.6071860464362977
-0.006649380042059255,-0.006924850105676952,0.003613409128638077,0.006979660457042542,0.008197734038513324,-0.0013849700211353904,0.0007601963638935807,-0.01735272614556771,-0.11128167623367569,0.003779997207959577,0.193805391734467,0.09273974571956639,0.2937417169454504,0.6550491553264891
-0.009120881593573651,-0.016348066057412153,0.005779659201245085,0.0108724028305765,0.01652875452734806,-0.0032696132114824307,0.00030982850399930063,-0.028480215337121084,-0.07254258733256436,0.005256902621089638,0.4135501332774111,-0.470373061857891,0.915822766219374,0.9793956217384666
-0.012714625160057839,-0.023595972196901255,0.008723028552125534,0.012132630564825971,0.017946749839619625,-0.004719194439380251,0.0008562280423973715,-0.04650281827764913,-0.09807462279622525,0.006318592446786003,0.010826661113171534,-0.686173127747193,0.4013150397047258,0.8304058506382427
-0.012069078856673687,-0.002304310462257226,0.006971746349672557,0.007282629399187153,0.011593324991964858,-0.0004608620924514452,0.0010640416418692216,-0.03825528211014295,-0.04077175291641999,0.004408876863452285,0.33672643962627713,0.6819426015390231,0.13514052941453888,0.4194605202176547
-0.009151765165202259,0.009403446351106624,0.0067167041180549395,0.008250734707205868,0.011712279599297245,0.0018806892702213248,0.0019548660526149124,-0.02282468548849903,-0.07309371399674369,0.0038771094209544637,0.6339070824859723,0.5590751023186916,0.9374437834394285,0.9888082075865797
-0.010623039012106676,0.0023222526516108403,0.008532882874373874,0.010036945784376524,0.012612602674090544,0.00046445053032216806,0.0007307907176470176,-0.036807449993671026,-0.06456306688680369,0.004578074112801804,0.36018244127230153,-0.6787135448733242,0.2409184181076575,0.7519203073128045
3.862136921913032e-05,0.013951645073961842,0.0057736537259864135,0.01161399427912429,0.016608241690458467,0.0027903290147923685,0.0013577076808124488,-0.06395230313362688,-0.0953064373846344,0.004964461924095027,1.3581206458284212,3.0371127255585892,0.42837115964894856,0.8089487664777505
-0.011371210225673539,-0.028303269046379653,0.00592865432727393,0.009579100397006867,0.012171379925191452,-0.005660653809275931,-0.00017023845016837886,-0.044846852774271584,-0.11823941576827046,0.004001342663992289,1.9724585468614806,5.545300011883888,0.510659848460003,0.7461021340062508
-0.007315850029839466,-0.008977531872388925,0.006941531652151893,0.010580598449231458,0.009963477520334477,-0.001795506374477785,-0.0010254222404068552,-0.04247220028102516,-0.04247220028102516,0.009213649892333295,-1.2654798732400396,3.3238475510937464,0.8609665287542101,0.9775799038370525
-0.01254365077091544,-0.006862164014284838,0.013905441261655126,0.015278548159983682,0.0136863940468263,-0.0013724328028569676,-0.0022756790916647904,-0.077787710749748,-0.077787710749748,0.012823659192658562,-0.9270930833826285,1.2993354753016817,0.44262756122119384,0.6801912579905923
-0.013316753108965917,-0.006453218760030789,0.017753409487062128,0.020082152725550407,0.01938448516460831,-0.0012906437520061578,-0.006707422572685373,-0.16721216646674464,-0.16721216646674464,0.016691037880287377,-0.7320701321323547,1.082716354139124,0.5338923513267013,0.8282957476690193
-0.007095358614050082,-0.02370409623769861,0.0021187515950703084,0.0050588503653063175,0.006137986938075245,-0.0047408192475397225,-0.0018750206261600381,-0.04244635922761819,-0.06942871838177245,0.0034919000520007223,-0.15566582795022751,1.0482480194336568,0.26137785008831105,0.6469011471182563
-0.009982160313195414,-0.023558217011230995,0.019233023138856692,0.018867647911881825,0.023185553597860037,-0.004711643402246199,0.004631728053044027,-0.05306454708484942,-0.09187838419238425,0.007032596431839238,1.0138504573358875,1.7939930198509906,0.3100490202835288,0.6781311066452371
-0.009982885057150908,-0.026026011966861176,0.009003673850277262,0.010839547762426783,0.013088357043482452,-0.005205202393372235,0.000847492883869257,-0.028443824413431296,-0.0861718174481565,0.003989997669882472,0.2756212209388492,-1.3122998389419833,0.31359566046994103,0.6124257075839795
-0.0034578124540187573,-0.013353965532097264,0.0027055386916377358,0.007008546999045167,0.008084256047683607,-0.002670793106419453,0.0004107980297974642,-0.01735272614556771,-0.11128167623367569,0.0036102481414437915,0.3413827751026058,0.10456321177139068,0.30583434568121975,0.6620836855869
-0.019302089443760703,-0.02820740179965992,0.009288625647394142,0.01164505345876344,0.01672590835025608,-0.005641480359931984,-0.000915813145840025,-0.03502217337824143,-0.07254258733256436,0.005986332080244902,0.4050672873530268,-0.5091722180835668,0.9265402425886956,0.9835091034052165
-0.02919995352435208,-0.04447352784712287,0.014173169483952808,0.013870610060286413,0.01838255731246165,-0.008894705569424574,-0.0006384025828399987,-0.053117868276520874,-0.09807462279622525,0.008519937089113102,-0.2271091788731351,-0.49316506615450173,0.3950019276998071,0.8237001638273552
-0.01199958920457625,-0.015936103040036585,0.008456020565321179,0.007796641932508534,0.01167614224848439,-0.003187220608007317,0.0002513253109923757,-0.03825528211014295,-0.04077175291641999,0.004690921413888414,0.34411425984786626,0.3290428494545065,0.15980594897983316,0.4632744190524012
-0.004014310702741252,-0.002169071178201136,0.006248772749976146,0.0083083808632867,0.011723044046893807,-0.0004338142356402272,0.0018645607171624285,-0.015941265704923158,-0.07309371399674369,0.003712075527438991,0.6427057918984154,0.4947505250213416,0.939174607893901,0.9902797427634158
-0.020631366392757415,-0.027400476296868953,0.011013197967895925,0.011116230129455347,0.012899529219216983,-0.005480095259373791,-0.00033106043052325934,-0.047200112477283285,-0.06456306688680369,0.005919847985349418,0.1695378973458189,-0.648099072602142,0.28251053592527753,0.7653722934787724
0.003082548906096385,0.017045398611178233,0.005560189944963074,0.010995637233904117,0.016606325408347274,0.0034090797222356465,0.0022393503861505475,-0.03492239805766262,-0.0953064373846344,0.0042775419903316216,1.5098166739639767,3.6783445977141835,0.31843969939692934,0.8816256690339697
-0.00763243424705995,-0.02433261411501965,0.0051482503919002155,0.009710004386282294,0.012168422051724742,-0.00486652282300393,-0.0004158483681836519,-0.05210924624075308,-0.11823941576827046,0.004011770239253754,1.95260539578571,5.328861926544812,0.5202464959459804,0.8021785152163967
-0.0019312385338120948,-0.0005436648195421474,0.005125763762112682,0.010478072977020287,0.009720001776669719,-0.00010873296390842948,-0.001384043071051353,-0.04247220028102516,-0.04247220028102516,0.008978881585068432,-1.201406515881499,3.3743656195718126,0.8703703606344403,0.976375345047306
-0.006379105231351346,0.006177280195226961,0.010474304377385786,0.01498154157437327,0.013535044990833422,0.0012354560390453921,-0.0031379810647662624,-0.077787710749748,-0.077787710749748,0.012360522630041839,-0.8319319041559212,1.3883122939789172,0.4271446393225687,0.6766909731379737
0.018938057375126775,0.03553177436993006,0.014526272505491657,0.020886832296037196,0.019359841036619845,0.0071063548739860125,-0.0054876231412092965,-0.16721216646674464,-0.16721216646674464,0.01700430670713732,-0.737343234000162,0.759427249708069,0.48715454058285745,0.8430399877856227
0.007411866234166001,-0.010217989782499673,0.005645599453268221,0.005192816342423609,0.0060938270208148815,-0.0020435979564999347,-0.0017980835783966468,-0.04244635922761819,-0.06942871838177245,0.0034919000520007223,-0.05307189864159362,0.975875565034555,0.3436600245550793,0.6887580122376755
-0.0325143806685562,-0.057391695100868306,0.023960183562001348,0.0138227482743226,0.011881488331260402,-0.011478339020173662,-0.0007120611851241517,-0.07783583997818055,-0.07783583997818055,0.015099125997178461,-1.7590000540655613,3.1042142260555674,0.8393894451253295,0.9453405317933908
-0.05303685732201688,-0.10303780621938123,0.040486328909055874,0.02504098777834234,0.01970979070172225,-0.020607561243876246,0.0005943726882976952,-0.131703887629112,-0.131703887629112,0.026140693189173076,-1.6641871406951132,2.6408255195200496,0.7474700335020422,0.8934726048032899
-0.03149989903338253,-0.05196531415438165,0.01807574342606742,0.011188833481664516,0.01236798210796155,-0.010393062830876331,-0.0021571793689233953,-0.061039033820009636,-0.10863293692197906,0.010264055266614074,-1.302706487174712,2.3440708053137573,0.4509812606538746,0.7353772367605587
-0.016880005352536278,-0.026467862453617756,0.015803445618913385,0.009443555454524912,0.00781460946941835,-0.005293572490723551,0.00020859835403576056,-0.042802072632804,-0.06767666267796013,0.007808569804296175,-0.6385609184845117,1.312029237429738,0.8104158542053895,0.8782348778334097
-0.01134406301055649,-0.049400252209834065,0.015976969505603206,0.01917455582966303,0.023260833339400214,-0.009880050441966813,0.0036461022250886465,-0.06374594276996948,-0.09187838419238425,0.006685069670432906,1.103187923916702,1.7537870601350938,0.31856131972771523,0.7316485136911518
-0.0012643189240176898,-0.020839287472833957,0.009122261118735205,0.010093276466094231,0.013089086716778546,-0.004167857494566792,-9.971159400456137e-05,-0.02967140508171251,-0.0861718174481565,0.004352190408988524,0.3834081220086871,-1.0304410294960522,0.2896537791252904,0.5198356819008787
-0.0024520194303804125,-0.015057791761129948,0.002502529980359536,0.006772763998286128,0.008087650327741249,-0.00301155835222599,-0.0001324430926299862,-0.018843987258790107,-0.11128167623367569,0.0035168375365204484,0.5453949579407905,0.6637416424956588,0.3054705374611822,0.640490962675892
0.007298438648288288,-0.026466308391427718,0.009830256781219236,0.011478717404879211,0.01673702271381214,-0.005293261678285544,4.718272848832894e-05,-0.03502217337824143,-0.07254258733256436,0.0062421144345322505,0.216133284676504,-0.520310047345201,0.930772021940903,0.9779650133351314
0.011226812889855324,-0.04335384556973258,0.01455223283577744,0.014117868968523807,0.018410695798381123,-0.008670769113946517,-0.00015194705197764868,-0.053117868276520874,-0.09807462279622525,0.008519937089113102,-0.295774915848004,-0.6244355189871889,0.37394631968956493,0.8666499818863201
0.00393643942354872,-0.016743518886045316,0.008272413777192858,0.007839906559457346,0.011678500420770366,-0.0033487037772090633,0.0004405838055777115,-0.03825528211014295,-0.04077175291641999,0.004690921413888414,0.2640375959368031,0.2115907451606204,0.152412209498639,0.4880554410813851
0.006854611015557744,0.004284094745152513,0.007076076913340841,0.006896345122641451,0.011350378137771459,0.0008568189490305026,0.001088422569668309,-0.015941265704923158,-0.07309371399674369,0.003712075527438991,-0.01613697901699078,-0.7893912854692919,0.9410416581013102,0.9846072796426371
0.00413399156904641,-0.01902851201993292,0.011853606601588674,0.010226263186956503,0.01256163287072048,-0.003805702403986584,-0.0010694727803973749,-0.047200112477283285,-0.06456306688680369,0.005919847985349418,0.07470682660776023,-0.42010244187680407,0.2581596210023198,0.5874914418030562
0.0030025259438649005,0.02364018861294251,0.004065435681137747,0.007626702675988521,0.01605612340398146,0.004728037722588502,0.0005906273308649541,-0.03492239805766262,-0.0953064373846344,0.0042775419903316216,0.19483452721485944,-0.197742250383051,0.17963500966952695,0.6223667613969007
0.004796974910000198,-0.013686812793332228,0.006628906005708457,0.006421014666176086,0.01209683168209833,-0.0027373625586664457,-0.0017366037332722135,-0.05210924624075308,-0.11823941576827046,0.004011770239253754,0.49072522017090614,0.490979359215095,0.270681292543234,0.439240896313689
0.0043300631824455815,-0.0024130636935031074,0.004590873363656353,0.010448989659367188,0.009637323298449194,-0.0004826127387006215,-0.0007932395225132248,-0.04247220028102516,-0.04247220028102516,0.009461946289916876,-1.3789399766876385,3.8086276164859063,0.8651596310267974,0.9756813662395477
0.007811131885401852,0.0011328899111427444,0.009246196651237208,0.0150681938994137,0.013460340858999404,0.00022657798222854887,-0.0022241037660609623,-0.077787710749748,-0.077787710749748,0.012999661904284785,-0.990923338827944,1.558684885439709,0.4280532499010169,0.6886200516393051
-0.0008864497345074651,0.011462498329418288,0.011550068761671901,0.02090635230170222,0.01929460969310922,0.0022924996658836576,-0.005163158557467638,-0.16721216646674464,-0.16721216646674464,0.01755896145301656,-0.7863507129698717,0.8018788926273391,0.4849723773711105,0.8652286446403792
0.0032883962914643165,-0.0029826257884174984,0.005954586899850494,0.005291961041189851,0.006074466778508154,-0.0005965251576834997,-0.0014479728965711973,-0.04244635922761819,-0.06942871838177245,0.00362212661419142,-0.21631025499187934,0.7419602795213549,0.3321104215967906,0.6980065919778788
0.021469958792242096,-0.04797051161377979,0.02650790007666744,0.014442040596957778,0.012068588349844398,-0.009594102322755958,0.0009133356257363969,-0.07783583997818055,-0.07783583997818055,0.01629876585441144,-1.6858315752473911,3.2520436127405077,0.8579477108287312,0.9509001845181586
0.03967382926683274,-0.08522405137434161,0.045616475380792366,0.025840834122502956,0.020234850448469732,-0.017044810274868323,0.003728862607339309,-0.131703887629112,-0.131703887629112,0.028616503489556088,-1.6739325883265634,3.1198010263411278,0.752834082925122,0.8806126249797064
0.01664258257127816,-0.03681169987485369,0.021510154899404534,0.01193581813234977,0.012516480042104457,-0.0073623399749707386,-0.001120534934829764,-0.061039033820009636,-0.10863293692197906,0.01068473323901831,-1.1346239112536312,1.8731410090727234,0.5107233895508337,0.763330585397592
0.017261101958623105,-0.00876391325651616,0.01885134885312151,0.00980093866664605,0.008063784131220653,-0.001752782651303232,0.0016107500734967987,-0.042802072632804,-0.06767666267796013,0.008123813607850852,-0.6610517076089757,1.4881203476144955,0.8353973371332776,0.8918324022119206
-0.015074129181727278,-0.08094253985180541,0.006221361948850379,0.01962075746633121,0.023029514593261014,-0.01618850797036108,0.002647103181924635,-0.07775331764679927,-0.09187838419238425,0.006535593312077586,1.1486882965287972,1.6159765856002242,0.34237280765089956,0.7746789579059212
0.0010222594168724803,-0.029098247785534187,0.006428066232502214,0.009049189014865277,0.0125833096905076,-0.005819649557106838,-0.0009986506629382772,-0.02967140508171251,-0.0861718174481565,0.004352190408988524,0.3144557513135015,-1.0173580356390188,0.27790538702352213,0.4379322182836502
0.010636799615406204,-0.0015758526174092305,0.006613396793310388,0.006133317512593483,0.008044282792245908,-0.0003151705234818461,-0.00041732125446331816,-0.018843987258790107,-0.11128167623367569,0.0035168375365204484,0.0741607108428314,-0.35738603068637187,0.24299836361176763,0.6106365405058811
-0.02142679218567852,-0.046513192715439036,0.011738150917603126,0.012349247356362206,0.01694376852071395,-0.009302638543087808,-0.0006478542723169955,-0.04855986344495977,-0.07254258733256436,0.007318991139811233,0.06739184200111753,-0.6427907096111574,0.9390017458104277,0.9745682813771558
-0.00926821049186402,-0.045187650594588194,0.014536382760039181,0.014254113463778287,0.018221821569147548,-0.009037530118917638,-0.000469519370123962,-0.053117868276520874,-0.09807462279622525,0.00799963905574794,-0.2279682387541752,-0.751489345010169,0.38554226226376803,0.8582120359287189
-0.013632441072480916,-0.028995386706016153,0.009295044120183976,0.008035759712323341,0.0116573465233974,-0.00579907734120323,0.0003258083433844471,-0.03825528211014295,-0.04077175291641999,0.005062670150578294,0.1628122959307386,0.2150914279719663,0.17160977248928108,0.5065731811390998
-0.010057657662012158,-0.010376352907482837,0.008099247087036453,0.007077827759502357,0.011302114179124073,-0.0020752705814965676,0.0001490185071543252,-0.016235876459452236,-0.07309371399674369,0.003770202858481907,0.12822920261049295,-0.7760757988454529,0.9644007865830999,0.9839287718043251
-0.018605344666704188,-0.04648174735485376,0.010842185264713753,0.01085154743791463,0.012607874964441533,-0.009296349470970753,-0.0022224345650279946,-0.06088912789780898,-0.06456306688680369,0.006353278518381951,0.1635952337227092,-0.5987185833652175,0.3167751345816826,0.6170615511406834
-0.013046251513282599,0.003560547177717227,0.008603536745922657,0.007775978762127261,0.016109177592170863,0.0007121094355434454,-0.0006223739227045654,-0.03492239805766262,-0.0953064373846344,0.004730376249840625,0.24372244410637237,-0.028756041994428164,0.17771108597555668,0.6362429156973826
-0.008066416226255467,-0.020888261882842426,0.006897288487302848,0.005389449920011741,0.012022737875822264,-0.004177652376568485,-0.00283927316672187,-0.05397967378933077,-0.11823941576827046,0.003926520427940675,-0.02504488036734602,-0.8878293836835223,0.20102160811557232,0.3938914566623355
-0.00531263499344734,-0.007198164838813449,0.005075729786090448,0.010223140993143545,0.009543144836294155,-0.0014396329677626898,-0.0005009831174510142,-0.04247220028102516,-0.04247220028102516,0.009438580061278293,-1.5117966614447966,4.613034835019094,0.8721521099887886,0.9743923313105644
-0.005560408421290997,-0.008523535591908701,0.009244403064067168,0.015073557560476509,0.013400793305389111,-0.0017047071183817404,-0.0022490853415376936,-0.077787710749748,-0.077787710749748,0.01296572437443919,-0.9845858767447296,1.5434300697583874,0.4627828973579298,0.7149846655531928
0.0019455331840479582,0.010540096704765883,0.011545945703816264,0.020488813870414353,0.01918046618927878,0.0021080193409531768,-0.003877819473617902,-0.16721216646674464,-0.16721216646674464,0.018420851560285875,-0.9986325457115258,1.3958350142461922,0.4601104805009736,0.8661721988426025
-0.00507164488644355,-0.003055156442595712,0.005968066573008285,0.005346524325070368,0.005826534807588751,-0.0006110312885191424,-0.0016798255736222554,-0.04244635922761819,-0.06942871838177245,0.003468513533770959,-0.08371434604213798,0.5515739039702712,0.35271338726833223,0.7007165926341621
-0.017419743447951323,-0.07698180818386313,0.02374211796867391,0.014585516260301724,0.012100023575694742,-0.015396361636772627,-0.0007171180118635605,-0.07783583997818055,-0.07783583997818055,0.015187839464688069,-1.433281402539364,2.207943721683748,0.864169873052116,0.9492613191865309
-0.02732873969086704,-0.12887738963752768,0.041637033617274576,0.02585724070100684,0.020569492975784105,-0.025775477927505536,0.0007840254518493228,-0.131703887629112,-0.131703887629112,0.026131846869178743,-1.463711785816652,2.2254530746873487,0.7525175779156913,0.8747424463761332
-0.022444018946086094,-0.06878280657609595,0.019928127069431704,0.012445337003574109,0.012526022014893877,-0.01375656131521919,-0.002820824231935114,-0.06647058548903495,-0.10863293692197906,0.010868103118193816,-0.8985374232863307,0.8236311953998036,0.5508205447019353,0.768777610612884
-0.015462184375069632,-0.04194617067469525,0.015890536173956426,0.009965624006018303,0.008165387346172767,-0.00838923413493905,8.102310414447519e-05,-0.042802072632804,-0.06767666267796013,0.008225780203904904,-0.5530403683450382,0.9270944817257165,0.842658455793983,0.8981992715291369
-0.002234316408046405,-0.06387194211900107,0.008389692952392188,0.019579657278737995,0.02253908588724579,-0.012774388423800215,0.002770909360628979,-0.07981160824893696,-0.09187838419238425,0.006769464787165781,1.1370564069782225,1.6223818192805624,0.3519566841455075,0.7751089164811674
-0.006074088273115492,-0.030942384402594645,0.006366662658506022,0.009112079735955955,0.01237843660427469,-0.006188476880518929,-0.0013224540360210495,-0.034560978035801826,-0.0861718174481565,0.004177440522522097,0.41617588328163857,-1.0166762481918512,0.28647660946088976,0.4413460171644309
-0.004103944967466394,-0.006026357278518622,0.006798963066940715,0.006103651641936708,0.007816599784093374,-0.0012052714557037243,-0.0003755239333992058,-0.018843987258790107,-0.11128167623367569,0.0035239553454043636,0.06332423972726525,-0.3097635965361563,0.2200556681759911,0.47991865759224756
-0.004365249944427304,-0.04691657451915191,0.011693568554606314,0.012377189957637027,0.016889706827185012,-0.009383314903830382,-0.0008338017875884878,-0.052704085584632354,-0.07254258733256436,0.006844970017714027,0.11543405827757867,-0.6615599479835775,0.9141650542916607,0.9739140719551146
0.004514134764038423,-0.035441841522380196,0.015774921701381044,0.014279161916508845,0.018152517046915347,-0.007088368304476039,-7.732521439371399e-05,-0.053117868276520874,-0.09807462279622525,0.007766249854018859,-0.3153926159719661,-0.7334530656634312,0.39124488668008905,0.857681611858906
0.0045923434940286795,-0.02917232621615346,0.009244951404035836,0.008066349067744767,0.011373798053180704,-0.005834465243230692,0.0006667997924292179,-0.03320100504354584,-0.04077175291641999,0.005160862447419097,0.030475938136952516,0.1423076959921787,0.1597561421197315,0.5513026526245866
0.011092881491974911,-0.005276241022422981,0.009558974079467087,0.006786106365445096,0.010861621685681855,-0.0010552482044845963,-4.044173564058361e-06,-0.016235876459452236,-0.07309371399674369,0.003770202858481907,-0.0480858000360769,-1.1008536408376903,0.94682329364788,0.9842933398885304
0.015122808015818234,-0.030602950486703653,0.015355309994670528,0.010546940660667378,0.012291110433206265,-0.0061205900973407305,-0.002384946203604964,-0.06088912789780898,-0.06088912789780898,0.006353278518381951,0.05421213724662857,-0.7638152737147106,0.3218666509949621,0.6457450876566692
0.011015941222941169,0.004093385928838908,0.008756757951931456,0.007649745187416999,0.015241936130087608,0.0008186771857677817,-0.0006968443016614134,-0.03492239805766262,-0.0953064373846344,0.004730376249840625,0.1988256070493405,-0.0219609328328127,0.1727671362058797,0.6526191528112353
0.011381831293027897,-0.010891254495960874,0.009765484015632821,0.006259660830643733,0.011819926143914191,-0.0021782508991921748,-0.0021646884090863916,-0.05397967378933077,-0.11823941576827046,0.003961447240401455,0.30896317315639177,-0.41818814288240175,0.2879074040931977,0.5584118975903102
0.005187279469646508,-0.0050423809050067795,0.005613546760496723,0.010120642457477971,0.009309626059833206,-0.001008476181001356,-0.0006396268455371902,-0.04247220028102516,-0.04247220028102516,0.009438580061278293,-1.5363184222461017,4.81471896877316,0.8685985358987519,0.9759447058979533
0.011962422148442672,-0.004709610389713237,0.010351709267205796,0.015330802981324125,0.013169944495133932,-0.0009419220779426473,-0.001895070432016629,-0.077787710749748,-0.077787710749748,0.01296572437443919,-0.9721392140513851,1.3672712915313507,0.5384753720837681,0.7025709200667092
0.004469267259974588,0.011149654975675887,0.011572253579538304,0.020445868883398003,0.019052767221707834,0.0022299309951351776,-0.003967695733082791,-0.16721216646674464,-0.16721216646674464,0.018420851560285875,-0.9934496562477111,1.41331982797929,0.4492771646649837,0.8534003755398585
0.003052070432094522,0.0015853294572312083,0.006136519514022655,0.005318796952834964,0.005378645274717745,0.00031706589144624164,-0.0017077771742659976,-0.04244635922761819,-0.06942871838177245,0.003468513533770959,-0.08389946536078897,0.6096570589685371,0.3688940606525333,0.7851748260935101
-0.0031710791937955497,-0.04103775341939909,0.019894942940001003,0.014595789560733092,0.012088121830013338,-0.008207550683879818,-0.0008436328702435544,-0.07783583997818055,-0.07783583997818055,0.01491389727130565,-1.4016412372587757,2.1311873607259426,0.8622597358219274,0.9463437438494886
-0.011456272039674836,-0.07139820941490263,0.033970779041145024,0.025984585545776172,0.020645533626442832,-0.014279641882980526,-1.5441285473481378e-06,-0.131703887629112,-0.131703887629112,0.024719330972452748,-1.3477430488200401,1.9079523407612744,0.7553523433549744,0.8733904965341064
0.0010195603001668953,-0.040484720686447005,0.019130178469739356,0.012438134273309339,0.01241876132366202,-0.0080969441372894,-0.0024341071553807556,-0.06647058548903495,-0.10863293692197906,0.011374175078748824,-1.000256257670874,0.9794129673142428,0.5485217240787005,0.7709178067468772
0.0051969975075030735,-0.013853357981221233,0.014373066226705821,0.00999731252185347,0.008155863671959218,-0.0027706715962442464,0.0004999469968278844,-0.042802072632804,-0.06767666267796013,0.008612551035495573,-0.6776937944252901,1.0007241377318163,0.844128276305014,0.8888781436878246
0.019969067037648645,-0.018665601875876965,0.014050227135004163,0.019912355951457565,0.022619765615094715,-0.003733120375175393,0.0033136181613881445,-0.07981160824893696,-0.09187838419238425,0.006769464787165781,1.0259221100002216,1.1811424864369797,0.3659717814293109,0.8186700536265274
0.0032138531248535563,-0.013085179712558091,0.005368438445140295,0.00887490524285396,0.012360510657438482,-0.0026170359425116184,-0.0006168983200049412,-0.034560978035801826,-0.0861718174481565,0.004243966219259509,0.2660978099868237,-0.9855952953356735,0.26318178626915667,0.4327505212580471
-0.0010427444001587169,-0.0004197216366180834,0.006103376508991638,0.006044451148797672,0.007814326728967392,-8.394432732361668e-05,-0.0005904452728228938,-0.018843987258790107,-0.11128167623367569,0.003529240610963743,0.17102070656139456,-0.17113870944911014,0.21351920740656616,0.5276770041843413
0.007085668936225168,-0.03071002398935309,0.013834614953367907,0.011824273395973531,0.01690094852677998,-0.006142004797870618,-0.0013213033077677677,-0.052704085584632354,-0.07254258733256436,0.006844970017714027,0.09233484494676684,-0.42524610964984666,0.9053813237351572,0.9701809091646684
0.006178548207922078,-0.01654866815440028,0.01634287708986901,0.013664507707551609,0.018139569274809617,-0.003309733630880056,-0.0007098776305739651,-0.053117868276520874,-0.09807462279622525,0.007766249854018859,-0.3547752695782692,-0.553932593762202,0.34206311438599163,0.7977528767467829
0.009197946705107153,-0.00790530065437262,0.01047046122048177,0.007753967761960889,0.01141321793939096,-0.0015810601308745241,0.0004496666362498788,-0.03320100504354584,-0.04077175291641999,0.005160862447419097,-0.0620781450358289,0.31428499532022464,0.154082904385851,0.569367882649788
0.006939970147475673,0.01081549429025495,0.008832851780899702,0.006959086948167382,0.009552455624908,0.00216309885805099,0.00036881876992730776,-0.016235876459452236,-0.07309371399674369,0.0033410375385986265,-0.16524211638301745,-1.2426953987355807,0.9507224520199631,0.9850209428045061
0.0039392900132062605,-0.01604062146139072,0.01566571923348815,0.01063456830541313,0.011392967786622838,-0.0032081242922781437,-0.0020017676401558487,-0.06088912789780898,-0.06088912789780898,0.006399586454206568,-0.05486060769248805,-0.8460767491996033,0.3608997962110131,0.6224293094878844
-0.002269813732248518,0.00178495082737126,0.008868310913937607,0.007534748509166559,0.013325832138317485,0.000356990165474252,-0.0004808803799338893,-0.03492239805766262,-0.0953064373846344,0.004798565792775177,0.13993454393449203,0.1442650591584246,0.17027195894858763,0.6225042007086315
0.008032919195345883,0.008512874925058547,0.009026518681668396,0.006647866960367173,0.011054842580209823,0.0017025749850117095,-0.0017746364908749728,-0.05397967378933077,-0.11823941576827046,0.003961447240401455,0.27046485293367745,-0.7938173018991646,0.3141599319534249,0.6414765027514706
-0.0009571366393243876,0.0013163324855082975,0.004420991195764886,0.010063837007523882,0.009313321555702352,0.0002632664971016595,-0.000882996390556382,-0.04247220028102516,-0.04247220028102516,0.009175689085220626,-1.4872615158375402,4.819389619625634,0.8859342373021728,0.9777163362640859
0.0033428775882241198,0.011176917969426324,0.008091887633051131,0.015373516898006612,0.01317022874864763,0.002235383593885265,-0.0016993429008993124,-0.077787710749748,-0.077787710749748,0.012912025211563701,-1.0042237121390942,1.3757779951479479,0.552322361412461,0.7042276542202948
-0.0033456327239049766,0.021120775360736827,0.008734573364541616,0.02043359752577363,0.0190627191173246,0.004224155072147366,-0.003784545185336094,-0.16721216646674464,-0.16721216646674464,0.018700031958726257,-1.0249243695263277,1.4699231474781684,0.4506329186211852,0.8538930049735334
-0.00035617443845443114,0.008324513632826859,0.0046651200897063205,0.005263401534616167,0.005378658975767146,0.0016649027265653719,-0.0014683115035218504,-0.04244635922761819,-0.06942871838177245,0.0036267402005953557,-0.22105750587051398,0.8069061864429694,0.35634311958347,0.8241250795485725
