analysis_type,analysis_id,cost_scenario,portfolio_count,row_count,gross_mean_log_return,net_mean_log_return,gross_information_ratio,net_information_ratio,gross_cumulative_return,net_cumulative_return,benchmark_cumulative_return,gross_benchmark_excess_return,net_benchmark_excess_return,gross_annualized_return,net_annualized_return,annualized_volatility,max_drawdown,expected_shortfall,gross_sharpe,net_sharpe,mean_l1_turnover,mean_one_way_turnover,realized_cost
component,anomaly_input_neutralized,base,10,530,0.0010412603894980228,0.0010330836385579335,0.84348731116921494,0.83556689973254217,0.73649377158846918,0.7289846495471819,0.096014479123883278,0.6404792924645859,0.63297017042329862,0.30004336051492642,0.29736732554785705,0.21740641090458673,-0.19760807871801278,-0.026886878906414297,1.2071904896245436,1.1974673416178769,0.24074025852207234,0.12037012926103617,0.0043333246533973019
component,anomaly_input_neutralized,high,10,530,0.0010412603894980228,0.0010242239866618467,0.84348731116921494,0.82698006748145336,0.73649377158846918,0.720885033642235,0.096014479123883278,0.6404792924645859,0.62487055451835172,0.30004336051492642,0.29447401243462634,0.21745592999487171,-0.19853589751169842,-0.026898673890026453,1.2071904896245436,1.1869275979039631,0.24074025852207234,0.12037012926103617,0.0090277596945777128
component,anomaly_input_neutralized,low,10,530,0.0010412603894980228,0.0010378535719898444,0.84348731116921494,0.84018783492005666,0.73649377158846918,0.73336116436469601,0.096014479123883278,0.6404792924645859,0.63734668524081273,0.30004336051492642,0.29892772883693253,0.21738046081545703,-0.19710809136262031,-0.026883263609719026,1.2071904896245436,1.20313987356698,0.24074025852207234,0.12037012926103617,0.0018055519389155426
component,fixed_concentration_penalty,base,10,530,0.0010258623731361162,0.0010172809225910667,0.82874688830256549,0.82043131582754836,0.72238000424763005,0.7145641167307355,0.096014479123883278,0.62636552512374677,0.61854963760685222,0.2950085766564472,0.29221111342137851,0.21759857955992665,-0.19910637650478014,-0.026985673052632945,1.1883024928507406,1.1781087588503707,0.25265458554008308,0.12632729277004154,0.0045477825397214969
component,fixed_concentration_penalty,high,10,530,0.0010258623731361162,0.0010079827059532316,0.82874688830256549,0.81141589518624568,0.72238000424763005,0.70613543633198872,0.096014479123883278,0.62636552512374677,0.61012095720810544,0.2950085766564472,0.2891868127646724,0.21765109263318919,-0.20008555252070348,-0.026999146478586408,1.1883024928507406,1.1670588868961216,0.25265458554008308,0.12632729277004154,0.0094745469577531185
component,fixed_concentration_penalty,low,10,530,0.0010258623731361162,0.0010222869458833873,0.82874688830256549,0.82528281627426103,0.72238000424763005,0.7191192252375338,0.096014479123883278,0.62636552512374677,0.62310474611365052,0.2950085766564472,0.29384228949489688,0.21757108274555317,-0.19857868986553906,-0.026978418846522124,1.1883024928507406,1.1840558364269982,0.25265458554008308,0.12632729277004154,0.0018949093915506235
component,fixed_smart_policy,base,10,530,0.0010311904267072158,0.0010227307071578146,0.82938781073577739,0.82125079885130059,0.72725065249999998,0.71952359841392677,0.096014479123883278,0.6312361733761167,0.62350911929004349,0.29674851299278937,0.29398698517527899,0.21797205013243887,-0.20072178254855055,-0.026901096886301743,1.1924590049845862,1.1823907608667021,0.24907108027526265,0.12453554013763132,0.0044832794449547264
component,fixed_smart_policy,high,10,530,0.0010311904267072158,0.0010135644268240648,0.82938781073577739,0.81242877894619658,0.72725065249999998,0.71119019045552334,0.096014479123883278,0.6312361733761167,0.61517571133164006,0.29674851299278937,0.29100145069126526,0.21803079144184703,-0.20173376374915242,-0.026917749765611215,1.1924590049845862,1.1714778168284055,0.24907108027526265,0.12453554013763132,0.0093401655103223478
component,fixed_smart_policy,low,10,530,0.0010311904267072158,0.0010276657141291498,0.82938781073577739,0.82599814261546367,0.72725065249999998,0.72402699158103134,0.096014479123883278,0.6312361733761167,0.62801251245714806,0.29674851299278937,0.29559721659491078,0.21794116840231897,-0.20017640226868827,-0.026892131028341874,1.1924590049845862,1.1882645296389547,0.24907108027526265,0.12453554013763132,0.00186803310206447
component,fixed_turnover_penalty,base,10,530,0.0010278726796186879,0.0010193865796537982,0.83052292247227621,0.82230600697344347,0.72421611342124392,0.7164786353739605,0.096014479123883278,0.62820163429736064,0.62046415625007723,0.29566479062293594,0.29289697564459982,0.21832428043680699,-0.19914139661879748,-0.027043607882609837,1.1866806365840501,1.1766232210123397,0.24984737450552824,0.12492368725276412,0.0044972527410995083
component,fixed_turnover_penalty,high,10,530,0.0010278726796186879,0.0010101916850741638,0.83052292247227621,0.81339746596473672,0.72421611342124392,0.70813407937315609,0.096014479123883278,0.62820163429736064,0.61211960024927281,0.29566479062293594,0.28990465480569316,0.21837834840980158,-0.20009489109876355,-0.027057562636860592,1.1866806365840501,1.1657213569587717,0.24984737450552824,0.12492368725276412,0.0093692765439573108
component,fixed_turnover_penalty,low,10,530,0.0010278726796186879,0.0010243369790185434,0.83052292247227621,0.82709995713519979,0.72421611342124392,0.7209880935615689,0.096014479123883278,0.62820163429736064,0.62497361443768562,0.29566479062293594,0.29451087190806913,0.21829593181640933,-0.19877372721024478,-0.027037447546621504,1.1866806365840501,1.1824907434819594,0.24984737450552824,0.12492368725276412,0.001873855308791462
component,fixed_view_uncertainty,base,10,530,0.0010599267623462901,0.0010522546206499712,0.86215906457670921,0.85472698269389935,0.75375847345475422,0.74664175811938471,0.096014479123883278,0.65774399433087094,0.65062727899550143,0.30617307378070757,0.30365018490236473,0.21413991624008355,-0.19013561174107785,-0.026239806486850665,1.247551111596201,1.2382939577995293,0.22588493920133537,0.11294246960066769,0.0040659289056240357
component,fixed_view_uncertainty,high,10,530,0.0010599267623462901,0.0010439418296289416,0.86215906457670921,0.84666985520658977,0.75375847345475422,0.73896336718779354,0.096014479123883278,0.65774399433087094,0.64294888806391026,0.30617307378070757,0.30092212646921701,0.2141838769123999,-0.19104085121415237,-0.026251411197873813,1.247551111596201,1.2282593109195092,0.22588493920133537,0.11294246960066769,0.008470685220050074
component,fixed_view_uncertainty,low,10,530,0.0010599267623462901,0.0010567301770647061,0.86215906457670921,0.85906298423370353,0.75375847345475422,0.7507897885057464,0.096014479123883278,0.65774399433087094,0.65477530938186312,0.30617307378070757,0.30512132345783249,0.21411687280399422,-0.18964780393753866,-0.02623572230407533,1.247551111596201,1.2436946286997068,0.22588493920133537,0.11294246960066769,0.0016941370440100151
component,fixed_weight_bounds,base,10,530,0.0010431873268664353,0.0010348402223880164,0.84613676916062963,0.83804368850648692,0.73826811829521533,0.7305950655042448,0.096014479123883278,0.64225363917133205,0.63458058638036152,0.30067479954944321,0.29794174415966279,0.21731143162266772,-0.19507262934470959,-0.026827142071130836,1.2099464360454453,1.2000276934100242,0.24575581348842546,0.12287790674421273,0.0044236046427916587
component,fixed_weight_bounds,high,10,530,0.0010431873268664353,0.0010257959893661863,0.84613676916062963,0.82926964234785383,0.73826811829521533,0.72231940613235524,0.096014479123883278,0.64225363917133205,0.62630492700847196,0.30067479954944321,0.29498691301469493,0.21735966916992669,-0.19600257911968144,-0.026834297250077993,1.2099464360454453,1.1892757764467763,0.24575581348842546,0.12287790674421273,0.0092158430058159532
component,fixed_weight_bounds,low,10,530,0.0010431873268664353,0.0010397095321045889,0.84613676916062963,0.84276536448892647,0.73826811829521533,0.73506703929496209,0.096014479123883278,0.64225363917133205,0.63905256017107881,0.30067479954944321,0.2995353819564075,0.21728618628220547,-0.19457149311788668,-0.026823289601578509,1.2099464360454453,1.2058143528280671,0.24575581348842546,0.12287790674421273,0.0018431686011631907
component,full_stack,base,10,530,0.0010408331845521493,0.0010326549651555525,0.84294948330535824,0.83502978603527056,0.73610064157044564,0.7285918742093771,0.096014479123883278,0.64008616244656236,0.63257739508549382,0.29990341103996476,0.29722718410730553,0.21739309633530945,-0.19678759900196818,-0.026867381199258626,1.206769653052683,1.1970437682060484,0.2407835671933525,0.12039178359667625,0.0043341042094803437
component,full_stack,high,10,530,0.0010408331845521493,0.0010237937278605445,0.84294948330535824,0.82644373312023989,0.73610064157044564,0.72049265263883155,0.096014479123883278,0.64008616244656236,0.62447817351494828,0.29990341103996476,0.29433366641638692,0.21744271157888517,-0.19771989490601127,-0.026876847919576251,1.206769653052683,1.186501113546222,0.2407835671933525,0.12039178359667625,0.0090293837697507182
component,full_stack,low,10,530,0.0010408331845521493,0.0010374257546027119,0.84294948330535824,0.83965030398328977,0.73610064157044564,0.73296818103605466,0.096014479123883278,0.64008616244656236,0.63695370191217138,0.29990341103996476,0.29878769901088442,0.21736709178608354,-0.19628519691908386,-0.026863643904410234,1.206769653052683,1.202717890788936,0.2407835671933525,0.12039178359667625,0.0018058767539501433
component,guard_disabled,base,10,530,0.001031966216101093,0.0010233853011595198,0.83558141463054358,0.82728267615240425,0.72796098937451492,0.72012026452172195,0.096014479123883278,0.63194651025063164,0.62410578539783867,0.29700205071837082,0.29420045588354493,0.21741303367877363,-0.20702726462599585,-0.0269762991132396,1.1964422122728255,1.1861896756071875,0.25263922892070939,0.1263196144603547,0.0045475061205727686
component,guard_disabled,high,10,530,0.001031966216101093,0.0010140876965059368,0.83558141463054358,0.81828500929059977,0.72796098937451492,0.71166482566015588,0.096014479123883278,0.63194651025063164,0.6156503465362726,0.29700205071837082,0.29117169847922897,0.21747514988264799,-0.2079724579503498,-0.026989083080225535,1.1964422122728255,1.1750772428822041,0.25263922892070939,0.1263196144603547,0.0094739710845266004
component,guard_disabled,low,10,530,0.001031966216101093,0.0010283910085992116,0.83558141463054358,0.83212440853409697,0.72796098937451492,0.72468984541429959,0.096014479123883278,0.63194651025063164,0.62867536629041632,0.29700205071837082,0.29583403999000479,0.21738034982843593,-0.20651790184913399,-0.026969416397355599,1.1964422122728255,1.1921709316023046,0.25263922892070939,0.1263196144603547,0.0018947942169053205
component,regime_input_neutralized,base,10,530,0.0010402347350190215,0.0010320204087218331,0.8425748817288442,0.83461751276171992,0.73555007552109197,0.72801062073658152,0.096014479123883278,0.63953559639720869,0.63199614161269824,0.29970738832081811,0.29701976340025649,0.2174535968620499,-0.19826916467962785,-0.026903722768441826,1.2057433559734245,1.1959753563556224,0.24184640447981445,0.12092320223990723,0.0043532352806366602
component,regime_input_neutralized,high,10,530,0.0010402347350190215,0.0010231200318188938,0.8425748817288442,0.82599056463861775,0.73555007552109197,0.71987844508191601,0.096014479123883278,0.63953559639720869,0.62386396595803273,0.29970738832081811,0.29411394422634163,0.21750386092416793,-0.19919430833942209,-0.026915654092341441,1.2057433559734245,1.1853869946163929,0.24184640447981445,0.12092320223990723,0.0090692401679930406
component,regime_input_neutralized,low,10,530,0.0010402347350190215,0.0010368122630896926,0.8425748817288442,0.83926001509455317,0.73555007552109197,0.73240479715945228,0.096014479123883278,0.63953559639720869,0.636390318035569,0.29970738832081811,0.29858692213322269,0.21742725425095413,-0.19777062020191105,-0.026900043236351565,1.2057433559734245,1.201674055070564,0.24184640447981445,0.12092320223990723,0.0018138480335986081
component,risk_inputs_neutralized,base,10,530,0.0010254098298451383,0.0010168774946676226,0.82566715840645888,0.81744661221702131,0.72196694448219656,0.71419755330899193,0.096014479123883278,0.62595246535831328,0.61818307418510865,0.29486090112146601,0.29207974895937228,0.2186055697528157,-0.20645470670313781,-0.027127467837071827,1.1823572333062256,1.1722168330202862,0.25120850767572134,0.12560425383786067,0.0045217531381629835
component,risk_inputs_neutralized,high,10,530,0.0010254098298451383,0.0010076324937719841,0.82566715840645888,0.80853375293834961,0.72196694448219656,0.70581878573133516,0.096014479123883278,0.62595246535831328,0.60980430660745188,0.29486090112146601,0.28907304257576816,0.21866838255506246,-0.20737424066263899,-0.027138928683912603,1.1823572333062256,1.1612258958681418,0.25120850767572134,0.12560425383786067,0.0094203190378395509
component,risk_inputs_neutralized,low,10,530,0.0010254098298451383,0.0010218548665293563,0.82566715840645888,0.82224272173672408,0.72196694448219656,0.71872558847116697,0.096014479123883278,0.62595246535831328,0.62271110934728369,0.29486090112146601,0.2937014184440907,0.21857251899112148,-0.20595918672435909,-0.027121297391009123,1.1823572333062256,1.1781326744733993,0.25120850767572134,0.12560425383786067,0.0018840638075679106
component,without_model_view,base,10,530,0.0011238523681673146,0.0011215167917966089,0.92269116764520764,0.92042730878366741,0.81419484029548905,0.81195051863654522,0.096014479123883278,0.71818036117160577,0.71593603951266194,0.32738494079676994,0.32660391801730393,0.20478835495059486,-0.15282263770970406,-0.023751533125635507,1.3830537665961038,1.3800698364949902,0.068766976718622558,0.034383488359311279,0.0012378055809352058
component,without_model_view,high,10,530,0.0011238523681673146,0.0011189863715549266,0.92269116764520764,0.91797386583853813,0.81419484029548905,0.80952209938193342,0.096014479123883278,0.71818036117160577,0.71350762025805015,0.32738494079676994,0.32575825758784349,0.20480624061204331,-0.15313298198870973,-0.023752664749216997,1.3830537665961038,1.3768358072935589,0.068766976718622558,0.034383488359311279,0.0025787616269483454
component,without_model_view,low,10,530,0.0011238523681673146,0.0011228792342287469,0.92269116764520764,0.92174799348133141,0.81419484029548905,0.8132593906282064,0.096014479123883278,0.71818036117160577,0.71724491150432312,0.32738494079676994,0.32705946642587147,0.20477883390803212,-0.15265549237325005,-0.023750923797106419,1.3830537665961038,1.3818106179505176,0.068766976718622558,0.034383488359311279,0.00051575232538966906
strategy,equal_weight,base,10,530,0.0010742476195732494,0.0010728135717764033,0.87267462220560721,0.87129005177995256,0.76712023966988641,0.76577765845598522,0.096014479123883278,0.67110576054600313,0.66976317933210194,0.31089538027965036,0.31042173443662247,0.21445543504862655,-0.16943330841121262,-0.025173513299485042,1.2623517404965328,1.2606303031040158,0.042223953464054262,0.021111976732027131,0.00076003116235297665
strategy,equal_weight,high,10,530,0.0010742476195732494,0.0010712599596511465,0.87267462220560721,0.86978983975448909,0.76712023966988641,0.76432429010257352,0.096014479123883278,0.67110576054600313,0.66830981097869024,0.31089538027965036,0.30990879130627569,0.21446218996819688,-0.16962347701004421,-0.02517465059806721,1.2623517404965328,1.2587650525816303,0.042223953464054262,0.021111976732027131,0.0015833982549020348
strategy,equal_weight,low,10,530,0.0010742476195732494,0.0010736501061562713,0.87267462220560721,0.87209774599164203,0.76712023966988641,0.76656071290273475,0.096014479123883278,0.67110576054600313,0.67054623377885147,0.31089538027965036,0.3106980091897904,0.21445182720912784,-0.16933089357115272,-0.02517290091517407,1.2623517404965328,1.2616345137854084,0.042223953464054262,0.021111976732027131,0.00031667965098040694
strategy,inverse_volatility,base,10,530,0.001132027619744148,0.0011290360675860823,0.93383642122737409,0.93092614938802831,0.82207258924567794,0.81918594092469066,0.096014479123883278,0.72605811012179466,0.72317146180080738,0.33012238949360584,0.32912002648014904,0.20135840464048674,-0.14929377108865238,-0.023344463857820321,1.4168976832352418,1.4129883951935398,0.088079654360549556,0.044039827180274778,0.0015854337784898924
strategy,inverse_volatility,high,10,530,0.001132027619744148,0.001125794840914933,0.93383642122737409,0.92777167896656754,0.82207258924567794,0.81606353478994809,0.096014479123883278,0.72605811012179466,0.72004905566606481,0.33012238949360584,0.32803485893869588,0.20138432514960125,-0.14972690664531152,-0.023345734076547768,1.4168976832352418,1.4087506547483888,0.088079654360549556,0.044039827180274778,0.0033029870385206089
strategy,inverse_volatility,low,10,530,0.001132027619744148,0.0011307811804331604,0.93383642122737409,0.9326239891291993,0.82207258924567794,0.82086930220443444,0.096014479123883278,0.72605811012179466,0.72485482308055116,0.33012238949360584,0.32970466005967136,0.2013446466146955,-0.14906047532950395,-0.0233437799030831,1.4168976832352418,1.4152691033025875,0.088079654360549556,0.044039827180274778,0.00066059740770412173
strategy,mean_variance,base,10,530,0.0010873651926504688,0.0010772193130857352,0.87415902566198589,0.86448532428227898,0.77944861970192503,0.7699056426641202,0.096014479123883278,0.68343414057804175,0.67389116354023693,0.31523588339115438,0.31187743393030121,0.2255241893472765,-0.249366311562355,-0.02719358988221399,1.2152096053277497,1.2036813775199742,0.29871092959295603,0.14935546479647802,0.0053767967326732082
strategy,mean_variance,high,10,530,0.0010873651926504688,0.0010662257309765513,0.87415902566198589,0.85399620735959347,0.77944861970192503,0.75962309828908881,0.096014479123883278,0.68343414057804175,0.66360861916520553,0.31523588339115438,0.30824806109109204,0.22556498906119524,-0.25121906492169455,-0.027198957096895637,1.2152096053277497,1.1911816870356433,0.29871092959295603,0.14935546479647802,0.011201659859735853
strategy,mean_variance,low,10,530,0.0010873651926504688,0.0010831379810564074,0.87415902566198589,0.87012932832705847,0.77944861970192503,0.77546636623888054,0.096014479123883278,0.68343414057804175,0.67945188711499727,0.31523588339115438,0.31383556471888441,0.22550323170927361,-0.24836694033120987,-0.027190700014239639,1.2152096053277497,1.210407359385927,0.29871092959295603,0.14935546479647802,0.0022403319719471707
strategy,prior_only_bl,base,10,530,0.001128875846239958,0.0011264318805186712,0.92986296187601003,0.92748782546381525,0.81903146710077279,0.81667679764151435,0.096014479123883278,0.72301698797688951,0.72066231851763107,0.32906636330675187,0.32824807077378315,0.20345685424249876,-0.15103998012884279,-0.023590283522719052,1.3983405624066636,1.3951893385335326,0.071958091993913037,0.035979045996956519,0.0012952456558904346
strategy,prior_only_bl,high,10,530,0.001128875846239958,0.0011237840117276582,0.92986296187601003,0.92491370597487743,0.81903146710077279,0.81412911517900444,0.096014479123883278,0.72301698797688951,0.71811463605512116,0.32906636330675187,0.32736207569593656,0.20347671171999374,-0.15138406868386878,-0.02359147364676482,1.3983405624066636,1.3917738721130664,0.071958091993913037,0.035979045996956519,0.0026984284497717386
strategy,prior_only_bl,low,10,530,0.001128875846239958,0.0011278575529524932,0.92986296187601003,0.92887343567604563,0.81903146710077279,0.81805000897653635,0.096014479123883278,0.72301698797688951,0.72203552985265307,0.32906636330675187,0.32872535546381854,0.20344628617659546,-0.15085465714137558,-0.023589642694705901,1.3983405624066636,1.3970277299499068,0.071958091993913037,0.035979045996956519,0.00053968568995434781
strategy,smart_policy,base,10,530,0.001031966216101093,0.0010233853011595198,0.83558141463054381,0.82728267615240414,0.72796098937451492,0.72012026452172195,0.096014479123883278,0.63194651025063164,0.62410578539783867,0.29700205071837082,0.29420045588354493,0.21741303367877363,-0.20702726462599585,-0.0269762991132396,1.1964422122728255,1.1861896756071875,0.25263922892070939,0.1263196144603547,0.0045475061205727686
strategy,smart_policy,high,10,530,0.001031966216101093,0.0010140876965059368,0.83558141463054381,0.81828500929059989,0.72796098937451492,0.71166482566015588,0.096014479123883278,0.63194651025063164,0.6156503465362726,0.29700205071837082,0.29117169847922897,0.21747514988264799,-0.2079724579503498,-0.026989083080225535,1.1964422122728255,1.1750772428822041,0.25263922892070939,0.1263196144603547,0.0094739710845266004
strategy,smart_policy,low,10,530,0.001031966216101093,0.0010283910085992116,0.83558141463054381,0.83212440853409697,0.72796098937451492,0.72468984541429959,0.096014479123883278,0.63194651025063164,0.62867536629041632,0.29700205071837082,0.29583403999000479,0.21738034982843593,-0.20651790184913399,-0.026969416397355599,1.1964422122728255,1.1921709316023046,0.25263922892070939,0.1263196144603547,0.0018947942169053205
strategy,smart_policy_oos_guard,base,10,530,0.0010408331845521493,0.0010326549651555525,0.84294948330535824,0.83502978603527056,0.73610064157044564,0.7285918742093771,0.096014479123883278,0.64008616244656236,0.63257739508549382,0.29990341103996476,0.29722718410730553,0.21739309633530945,-0.19678759900196818,-0.026867381199258626,1.206769653052683,1.1970437682060484,0.2407835671933525,0.12039178359667625,0.0043341042094803437
strategy,smart_policy_oos_guard,high,10,530,0.0010408331845521493,0.0010237937278605445,0.84294948330535824,0.82644373312023989,0.73610064157044564,0.72049265263883155,0.096014479123883278,0.64008616244656236,0.62447817351494828,0.29990341103996476,0.29433366641638692,0.21744271157888517,-0.19771989490601127,-0.026876847919576251,1.206769653052683,1.186501113546222,0.2407835671933525,0.12039178359667625,0.0090293837697507182
strategy,smart_policy_oos_guard,low,10,530,0.0010408331845521493,0.0010374257546027119,0.84294948330535824,0.83965030398328977,0.73610064157044564,0.73296818103605466,0.096014479123883278,0.64008616244656236,0.63695370191217138,0.29990341103996476,0.29878769901088442,0.21736709178608354,-0.19628519691908386,-0.026863643904410234,1.206769653052683,1.202717890788936,0.2407835671933525,0.12039178359667625,0.0018058767539501433
