variant_id,analysis_tier,cost_scenario,slice_type,slice_value,portfolio_count,row_count,net_mean_log_return,net_information_ratio,gross_mean_log_return,gross_information_ratio
without_model_view,parent_primary,low,overall,overall,10,530,0.0011228792342287469,0.92174799348133141,0.0011238523681673146,0.92269116764520764
without_model_view,parent_primary,low,market,us,2,104,0.00060799512887575605,0.55141539738360101,0.00060889728719738182,0.55281550930221446
without_model_view,parent_primary,low,market,hk,2,104,-0.00040772307781999131,-0.76422384949220534,-0.00040659966252588274,-0.76182179304274478
without_model_view,parent_primary,low,market,cn,2,108,0.00078193880401647496,1.4407015558186871,0.0007826385986949429,1.4412499568024222
without_model_view,parent_primary,low,market,jp,2,108,0.0010086080229905531,0.096811117479699865,0.0010097719864528621,0.097621182717536711
without_model_view,parent_primary,low,market,tw,2,106,0.0035935721086290313,2.8073210528309818,0.0035945514996875275,2.8083216480504496
without_model_view,parent_primary,low,period,early,10,258,0.00082634796538556246,-0.46474307730050823,0.00082810759131527107,-0.46286864956710649
without_model_view,parent_primary,low,period,late,10,272,0.0014041478642344151,2.0510792970706242,0.0014043749873872682,2.0512779671388488
without_model_view,parent_primary,low,regime,calm,2,14,-0.00035262521333212081,6.750744763429477,-0.00035262521333212081,6.750744763429477
without_model_view,parent_primary,low,regime,normal,6,184,0.00014109923259380752,-2.2191710968961571,0.00014205478403531358,-2.2179163852794295
without_model_view,parent_primary,low,regime,stress,8,332,0.0017292183383452564,1.9776335584367108,0.0017302422525687614,1.9785231301958863
without_model_view,parent_primary,base,overall,overall,10,530,0.0011215167917966089,0.92042730878366741,0.0011238523681673146,0.92269116764520764
without_model_view,parent_primary,base,market,us,2,104,0.00060673204815002066,0.54945483549100749,0.00060889728719738182,0.55281550930221446
without_model_view,parent_primary,base,market,hk,2,104,-0.00040929592427874008,-0.76758538262582077,-0.00040659966252588274,-0.76182179304274478
without_model_view,parent_primary,base,market,cn,2,108,0.0007809590621870125,1.4399336744496216,0.0007826385986949429,1.4412499568024222
without_model_view,parent_primary,base,market,jp,2,108,0.0010069784014947022,0.095676934082953552,0.0010097719864528621,0.097621182717536711
without_model_view,parent_primary,base,market,tw,2,106,0.0035922009121883429,2.8059195894769653,0.0035945514996875275,2.8083216480504496
without_model_view,parent_primary,base,period,early,10,258,0.00082388437895203641,-0.46736722087269611,0.00082810759131527107,-0.46286864956710649
without_model_view,parent_primary,base,period,late,10,272,0.0014038298892741822,2.0508011380392883,0.0014043749873872682,2.0512779671388488
without_model_view,parent_primary,base,regime,calm,2,14,-0.00035262521333212081,6.750744763429477,-0.00035262521333212081,6.750744763429477
without_model_view,parent_primary,base,regime,normal,6,184,0.00013976140935666078,-2.2209270535749424,0.00014205478403531358,-2.2179163852794295
without_model_view,parent_primary,base,regime,stress,8,332,0.001727784799148274,1.9763877656061661,0.0017302422525687614,1.9785231301958863
without_model_view,parent_primary,high,overall,overall,10,530,0.0011189863715549266,0.91797386583853813,0.0011238523681673146,0.92269116764520764
without_model_view,parent_primary,high,market,us,2,104,0.00060438614391707156,0.54581254955349567,0.00060889728719738182,0.55281550930221446
without_model_view,parent_primary,high,market,hk,2,104,-0.0004122171262088976,-0.77382402136343098,-0.00040659966252588274,-0.76182179304274478
without_model_view,parent_primary,high,market,cn,2,108,0.00077913945100908076,1.4385072381819359,0.0007826385986949429,1.4412499568024222
without_model_view,parent_primary,high,market,jp,2,108,0.001003951736670576,0.093570310175153465,0.0010097719864528621,0.097621182717536711
without_model_view,parent_primary,high,market,tw,2,106,0.0035896542529533781,2.8033149243747841,0.0035945514996875275,2.8083216480504496
without_model_view,parent_primary,high,period,early,10,258,0.00081930880606660803,-0.47224044551583666,0.00082810759131527107,-0.46286864956710649
without_model_view,parent_primary,high,period,late,10,272,0.0014032393564666406,2.0502844922003827,0.0014043749873872682,2.0512779671388488
without_model_view,parent_primary,high,regime,calm,2,14,-0.00035262521333212081,6.750744763429477,-0.00035262521333212081,6.750744763429477
without_model_view,parent_primary,high,regime,normal,6,184,0.00013727672192814574,-2.2241861292054801,0.00014205478403531358,-2.2179163852794295
without_model_view,parent_primary,high,regime,stress,8,332,0.0017251223285421145,1.9740729379961537,0.0017302422525687614,1.9785231301958863
fixed_view_uncertainty,parent_primary,low,overall,overall,10,530,0.0010567301770647061,0.85906298423370353,0.0010599267623462901,0.86215906457670921
fixed_view_uncertainty,parent_primary,low,market,us,2,104,0.00052782362051806495,0.4166733464854192,0.00053106924201173141,0.42159696814639658
fixed_view_uncertainty,parent_primary,low,market,hk,2,104,-0.00069698642674435396,-1.3582742828803818,-0.00069432872022789417,-1.3528817285519439
fixed_view_uncertainty,parent_primary,low,market,cn,2,108,0.00079562120122342642,1.455210971887241,0.00079938938252581296,1.458145449221546
fixed_view_uncertainty,parent_primary,low,market,jp,2,108,0.00098039621751779514,0.078294747860499017,0.00098326584857683064,0.080323619402732999
fixed_view_uncertainty,parent_primary,low,market,tw,2,106,0.0036400947591299659,2.8337497819741233,0.0036435226869710301,2.8370166338314862
fixed_view_uncertainty,parent_primary,low,period,early,10,258,0.00063073804928532565,-0.64721740157213214,0.00063536625361229745,-0.64248414494218919
fixed_view_uncertainty,parent_primary,low,period,late,10,272,0.0014607962394436772,2.1724400905980525,0.0014626348919542687,2.1740758842329346
fixed_view_uncertainty,parent_primary,low,regime,calm,2,14,-0.0013171565157386342,5.9886713870471482,-0.0013171565157386342,5.9886713870471482
fixed_view_uncertainty,parent_primary,low,regime,normal,6,184,0.00024352750738206253,-1.986231462047686,0.00024713312832792578,-1.9818276853302903
fixed_view_uncertainty,parent_primary,low,regime,stress,8,332,0.0016075244689949869,1.8955758860947238,0.0016106291555769165,1.8982563359731988
fixed_view_uncertainty,parent_primary,base,overall,overall,10,530,0.0010522546206499712,0.85472698269389935,0.0010599267623462901,0.86215906457670921
fixed_view_uncertainty,parent_primary,base,market,us,2,104,0.00052327938487950574,0.40977859475875961,0.00053106924201173141,0.42159696814639658
fixed_view_uncertainty,parent_primary,base,market,hk,2,104,-0.00070070743211886007,-1.3658158773116944,-0.00069432872022789417,-1.3528817285519439
fixed_view_uncertainty,parent_primary,base,market,cn,2,108,0.00079034530591631747,1.4511007791537962,0.00079938938252581296,1.458145449221546
fixed_view_uncertainty,parent_primary,base,market,jp,2,108,0.00097637847309140814,0.075454072812812911,0.00098326584857683064,0.080323619402732999
fixed_view_uncertainty,parent_primary,base,market,tw,2,106,0.0036352952615522939,2.8291703918801998,0.0036435226869710301,2.8370166338314862
fixed_view_uncertainty,parent_primary,base,period,early,10,258,0.00062425806309178791,-0.6538431815232304,0.00063536625361229745,-0.64248414494218919
fixed_view_uncertainty,parent_primary,base,period,late,10,272,0.0014582219436279535,2.1701482724643806,0.0014626348919542687,2.1740758842329346
fixed_view_uncertainty,parent_primary,base,regime,calm,2,14,-0.0013171565157386342,5.9886713870471482,-0.0013171565157386342,5.9886713870471482
fixed_view_uncertainty,parent_primary,base,regime,normal,6,184,0.00023847924998066723,-1.9923924755195697,0.00024713312832792578,-1.9818276853302903
fixed_view_uncertainty,parent_primary,base,regime,stress,8,332,0.0016031775848445264,1.8918209562160531,0.0016106291555769165,1.8982563359731988
fixed_view_uncertainty,parent_primary,high,overall,overall,10,530,0.0010439418296289416,0.84666985520658977,0.0010599267623462901,0.86215906457670921
fixed_view_uncertainty,parent_primary,high,market,us,2,104,0.00051483895839095383,0.39696909445567924,0.00053106924201173141,0.42159696814639658
fixed_view_uncertainty,parent_primary,high,market,hk,2,104,-0.00070761854013351086,-1.3797967213505773,-0.00069432872022789417,-1.3528817285519439
fixed_view_uncertainty,parent_primary,high,market,cn,2,108,0.00078054584780868697,1.443461651552489,0.00079938938252581296,1.458145449221546
fixed_view_uncertainty,parent_primary,high,market,jp,2,108,0.00096891613989402714,0.0701777598641663,0.00098326584857683064,0.080323619402732999
fixed_view_uncertainty,parent_primary,high,market,tw,2,106,0.0036263806748365276,2.8206479265067093,0.0036435226869710301,2.8370166338314862
fixed_view_uncertainty,parent_primary,high,period,early,10,258,0.00061222225462969715,-0.6661456466031469,0.00063536625361229745,-0.64248414494218919
fixed_view_uncertainty,parent_primary,high,period,late,10,272,0.0014534405441502837,2.1658867672314366,0.0014626348919542687,2.1740758842329346
fixed_view_uncertainty,parent_primary,high,regime,calm,2,14,-0.0013171565157386342,5.9886713870471482,-0.0013171565157386342,5.9886713870471482
fixed_view_uncertainty,parent_primary,high,regime,normal,6,184,0.00022910271333546249,-2.0038209760448398,0.00024713312832792578,-1.9818276853302903
fixed_view_uncertainty,parent_primary,high,regime,stress,8,332,0.0015951038002107077,1.8848404312532216,0.0016106291555769165,1.8982563359731988
fixed_smart_policy,parent_primary,low,overall,overall,10,530,0.0010276657141291498,0.82599814261546367,0.0010311904267072158,0.82938781073577739
fixed_smart_policy,parent_primary,low,market,us,2,104,0.0004509237001742667,0.27598228430848931,0.00045468598355100743,0.28122809532117315
fixed_smart_policy,parent_primary,low,market,hk,2,104,-0.0006976247622532013,-1.3502667675970574,-0.00069479341609026627,-1.3445696779483047
fixed_smart_policy,parent_primary,low,market,cn,2,108,0.00080058549427209909,1.469361347104994,0.00080452755518846603,1.4724688185595078
fixed_smart_policy,parent_primary,low,market,jp,2,108,0.00093740433710343878,0.047737355921614349,0.00094027554897721727,0.049760791895457637
fixed_smart_policy,parent_primary,low,market,tw,2,106,0.0036095928033594393,2.8159703759572059,0.0036138053197076738,2.8199026558621538
fixed_smart_policy,parent_primary,low,period,early,10,258,0.00060026043451443672,-0.67213233710692111,0.00060541991993561244,-0.66690797389589362
fixed_smart_policy,parent_primary,low,period,late,10,272,0.0014330721925872232,2.1398233563929838,0.0014350462750420451,2.1415397548461752
fixed_smart_policy,parent_primary,low,regime,calm,2,14,-0.0016167618617316144,5.1665751771875792,-0.0016167618617316144,5.1665751771875792
fixed_smart_policy,parent_primary,low,regime,normal,6,184,0.00024323383089944718,-1.9314913774569744,0.00024729639002228626,-1.9266728233408563
fixed_smart_policy,parent_primary,low,regime,stress,8,332,0.0015739231014072102,1.8677283106232836,0.0015772983628161632,1.870626674376809
fixed_smart_policy,parent_primary,base,overall,overall,10,530,0.0010227307071578146,0.82125079885130059,0.0010311904267072158,0.82938781073577739
fixed_smart_policy,parent_primary,base,market,us,2,104,0.00044565602587551961,0.26863669778131316,0.00045468598355100743,0.28122809532117315
fixed_smart_policy,parent_primary,base,market,hk,2,104,-0.00070158889317270968,-1.3582336450701207,-0.00069479341609026627,-1.3445696779483047
fixed_smart_policy,parent_primary,base,market,cn,2,108,0.00079506611028675584,1.4650087782330434,0.00080452755518846603,1.4724688185595078
fixed_smart_policy,parent_primary,base,market,jp,2,108,0.00093338437424196185,0.044904288405672482,0.00094027554897721727,0.049760791895457637
fixed_smart_policy,parent_primary,base,market,tw,2,106,0.0036036947232400756,2.8104565823942806,0.0036138053197076738,2.8199026558621538
fixed_smart_policy,parent_primary,base,period,early,10,258,0.00059303652527191821,-0.6794453335194045,0.00060541991993561244,-0.66690797389589362
fixed_smart_policy,parent_primary,base,period,late,10,272,0.0014303082767407607,2.1374184661757338,0.0014350462750420451,2.1415397548461752
fixed_smart_policy,parent_primary,base,regime,calm,2,14,-0.0016167618617316144,5.1665751771875792,-0.0016167618617316144,5.1665751771875792
fixed_smart_policy,parent_primary,base,regime,normal,6,184,0.00023754575059665843,-1.9382322780265562,0.00024729639002228626,-1.9266728233408563
fixed_smart_policy,parent_primary,base,regime,stress,8,332,0.0015691973576749975,1.8636678425116302,0.0015772983628161632,1.870626674376809
fixed_smart_policy,parent_primary,high,overall,overall,10,530,0.0010135644268240648,0.81242877894619658,0.0010311904267072158,0.82938781073577739
fixed_smart_policy,parent_primary,high,market,us,2,104,0.00043587172358840567,0.25499068834937888,0.00045468598355100743,0.28122809532117315
fixed_smart_policy,parent_primary,high,market,hk,2,104,-0.00070895161306218726,-1.3730009516789898,-0.00069479341609026627,-1.3445696779483047
fixed_smart_policy,parent_primary,high,market,cn,2,108,0.00078481428173065671,1.4569189630373378,0.00080452755518846603,1.4724688185595078
fixed_smart_policy,parent_primary,high,market,jp,2,108,0.00092591790469784068,0.039642096894281081,0.00094027554897721727,0.049760791895457637
fixed_smart_policy,parent_primary,high,market,tw,2,106,0.0035927394206391504,2.8001901488932726,0.0036138053197076738,2.8199026558621538
fixed_smart_policy,parent_primary,high,period,early,10,258,0.00057961874439569445,-0.69302297575347571,0.00060541991993561244,-0.66690797389589362
fixed_smart_policy,parent_primary,high,period,late,10,272,0.0014251746697156807,2.1329462732702589,0.0014350462750420451,2.1415397548461752
fixed_smart_policy,parent_primary,high,regime,calm,2,14,-0.0016167618617316144,5.1665751771875792,-0.0016167618617316144,5.1665751771875792
fixed_smart_policy,parent_primary,high,regime,normal,6,184,0.00022698063250713743,-1.9507351821774424,0.00024729639002228626,-1.9266728233408563
fixed_smart_policy,parent_primary,high,regime,stress,8,332,0.001560419806926758,1.8561184778995301,0.0015772983628161632,1.870626674376809
guard_disabled,parent_primary,low,overall,overall,10,530,0.0010283910085992116,0.83212440853409697,0.001031966216101093,0.83558141463054358
guard_disabled,parent_primary,low,market,us,2,104,0.00050642535845373947,0.36854368975433782,0.0005101834426319079,0.37401209114106992
guard_disabled,parent_primary,low,market,hk,2,104,-0.00084531272292665796,-1.6198556245028222,-0.00084260538062697304,-1.6145793912043225
guard_disabled,parent_primary,low,market,cn,2,108,0.00081873920889853559,1.4854247438081269,0.00082268748802518711,1.488539899339264
guard_disabled,parent_primary,low,market,jp,2,108,0.00094756756723380687,0.055564426136772156,0.00095083782046254388,0.057897172871097774
guard_disabled,parent_primary,low,market,tw,2,106,0.0036748149871742705,2.8693516870169735,0.0036789928563055771,2.8731323077901889
guard_disabled,parent_primary,low,period,early,10,258,0.00061583494043647273,-0.65916471809171129,0.00062096704680133033,-0.65394843091862631
guard_disabled,parent_primary,low,period,late,10,272,0.0014197125732535736,2.1451242862045752,0.0014218110163927798,2.1469476217213801
guard_disabled,parent_primary,low,regime,calm,2,14,-0.0017957232199928023,4.967319093277812,-0.0017957232199928023,4.967319093277812
guard_disabled,parent_primary,low,regime,normal,6,184,0.00024532978587380784,-1.9529888222918967,0.00024938187658317027,-1.9481209562495321
guard_disabled,parent_primary,low,regime,stress,8,332,0.0015814659007129539,1.8833058033803933,0.001584927573259564,1.8862839696657703
guard_disabled,parent_primary,base,overall,overall,10,530,0.0010233853011595198,0.82728267615240425,0.001031966216101093,0.83558141463054358
guard_disabled,parent_primary,base,market,us,2,104,0.00050116356456891733,0.36088612556874783,0.0005101834426319079,0.37401209114106992
guard_disabled,parent_primary,base,market,hk,2,104,-0.00084910322837571377,-1.6272337456532149,-0.00084260538062697304,-1.6145793912043225
guard_disabled,parent_primary,base,market,cn,2,108,0.00081321112917392925,1.4810614315305723,0.00082268748802518711,1.488539899339264
guard_disabled,parent_primary,base,market,jp,2,108,0.00094298886121245342,0.052298273362924516,0.00095083782046254388,0.057897172871097774
guard_disabled,parent_primary,base,market,tw,2,106,0.0036689654310256871,2.8640501359034394,0.0036789928563055771,2.8731323077901889
guard_disabled,parent_primary,base,period,early,10,258,0.00060864937251333534,-0.66646637160176225,0.00062096704680133033,-0.65394843091862631
guard_disabled,parent_primary,base,period,late,10,272,0.0014167745275959736,2.1425693676020789,0.0014218110163927798,2.1469476217213801
guard_disabled,parent_primary,base,regime,calm,2,14,-0.0017957232199928023,4.967319093277812,-0.0017957232199928023,4.967319093277812
guard_disabled,parent_primary,base,regime,normal,6,184,0.00023965636667148567,-1.9597986415384674,0.00024938187658317027,-1.9481209562495321
guard_disabled,parent_primary,base,regime,stress,8,332,0.001576619166346058,1.8791334165737537,0.001584927573259564,1.8862839696657703
guard_disabled,parent_primary,high,overall,overall,10,530,0.0010140876965059368,0.81828500929059977,0.001031966216101093,0.83558141463054358
guard_disabled,parent_primary,high,market,us,2,104,0.00049139018780785301,0.34665967964369415,0.0005101834426319079,0.37401209114106992
guard_disabled,parent_primary,high,market,hk,2,104,-0.00085614343885049454,-1.6409090794685954,-0.00084260538062697304,-1.6145793912043225
guard_disabled,parent_primary,high,market,cn,2,108,0.00080294318160577932,1.4729517077268088,0.00082268748802518711,1.488539899339264
guard_disabled,parent_primary,high,market,jp,2,108,0.00093448446180359381,0.046231634076913046,0.00095083782046254388,0.057897172871097774
guard_disabled,parent_primary,high,market,tw,2,106,0.0036581002997015939,2.8541776001457464,0.0036789928563055771,2.8731323077901889
guard_disabled,parent_primary,high,period,early,10,258,0.00059530282989611204,-0.68002283785414908,0.00062096704680133033,-0.65394843091862631
guard_disabled,parent_primary,high,period,late,10,272,0.0014113174596873147,2.1378175731532756,0.0014218110163927798,2.1469476217213801
guard_disabled,parent_primary,high,regime,calm,2,14,-0.0017957232199928023,4.967319093277812,-0.0017957232199928023,4.967319093277812
guard_disabled,parent_primary,high,regime,normal,6,184,0.00022911849282364726,-1.9724291672814069,0.00024938187658317027,-1.9481209562495321
guard_disabled,parent_primary,high,regime,stress,8,332,0.0015676168721340201,1.8713756019525458,0.001584927573259564,1.8862839696657703
risk_inputs_neutralized,smart_decomposition,low,overall,overall,10,530,0.0010218548665293563,0.82224272173672408,0.0010254098298451383,0.82566715840645888
risk_inputs_neutralized,smart_decomposition,low,market,us,2,104,0.00047206079941969906,0.31228283765054449,0.00047603614599189944,0.31795032323673561
risk_inputs_neutralized,smart_decomposition,low,market,hk,2,104,-0.0007719944888866109,-1.4828329387420367,-0.00076945806064937397,-1.477839047478976
risk_inputs_neutralized,smart_decomposition,low,market,cn,2,108,0.00081194046744022133,1.4763776858604885,0.0008159199421797573,1.4795044699818751
risk_inputs_neutralized,smart_decomposition,low,market,jp,2,108,0.00092516120954750649,0.039169523984181602,0.00092827424345379432,0.041366922481423582
risk_inputs_neutralized,smart_decomposition,low,market,tw,2,106,0.0036336717155702183,2.8543057264854599,0.0036378312914516707,2.8581843076180196
risk_inputs_neutralized,smart_decomposition,low,period,early,10,258,0.00058762069040741588,-0.68561014710067492,0.00059274039109706166,-0.68042281693131335
risk_inputs_neutralized,smart_decomposition,low,period,late,10,272,0.0014337387541744318,2.1477449987889914,0.0014358095180694167,2.1495431998155126
risk_inputs_neutralized,smart_decomposition,low,regime,calm,2,14,-0.001797979563956285,5.0175851336717434,-0.001797979563956285,5.0175851336717434
risk_inputs_neutralized,smart_decomposition,low,regime,normal,6,184,0.00027182874349520361,-1.9076749145063776,0.00027582351353335421,-1.902901754430544
risk_inputs_neutralized,smart_decomposition,low,regime,stress,8,332,0.0015564406757615347,1.8538146314382518,0.0015599017988649822,1.856788771769144
risk_inputs_neutralized,smart_decomposition,base,overall,overall,10,530,0.0010168774946676226,0.81744661221702131,0.0010254098298451383,0.82566715840645888
risk_inputs_neutralized,smart_decomposition,base,market,us,2,104,0.00046649477897145523,0.30434652836915699,0.00047603614599189944,0.31795032323673561
risk_inputs_neutralized,smart_decomposition,base,market,hk,2,104,-0.00077554571004400687,-1.4898163650473082,-0.00076945806064937397,-1.477839047478976
risk_inputs_neutralized,smart_decomposition,base,market,cn,2,108,0.00080636870335326302,1.4719980326758493,0.0008159199421797573,1.4795044699818751
risk_inputs_neutralized,smart_decomposition,base,market,jp,2,108,0.00092080264030012778,0.036092864202156828,0.00092827424345379432,0.041366922481423582
risk_inputs_neutralized,smart_decomposition,base,market,tw,2,106,0.0036278477725548977,2.8488671957489839,0.0036378312914516707,2.8581843076180196
risk_inputs_neutralized,smart_decomposition,base,period,early,10,258,0.0005804524890350752,-0.6928712350398798,0.00059274039109706166,-0.68042281693131335
risk_inputs_neutralized,smart_decomposition,base,period,late,10,272,0.0014308394485396715,2.1452252212966232,0.0014358095180694167,2.1495431998155126
risk_inputs_neutralized,smart_decomposition,base,regime,calm,2,14,-0.001797979563956285,5.0175851336717434,-0.001797979563956285,5.0175851336717434
risk_inputs_neutralized,smart_decomposition,base,regime,normal,6,184,0.00026623555862033551,-1.9143522500521086,0.00027582351353335421,-1.902901754430544
risk_inputs_neutralized,smart_decomposition,base,regime,stress,8,332,0.0015515947086839946,1.849647957891881,0.0015599017988649822,1.856788771769144
risk_inputs_neutralized,smart_decomposition,high,overall,overall,10,530,0.0010076324937719841,0.80853375293834961,0.0010254098298451383,0.82566715840645888
risk_inputs_neutralized,smart_decomposition,high,market,us,2,104,0.00045615622667422723,0.28960236730882821,0.00047603614599189944,0.31795032323673561
risk_inputs_neutralized,smart_decomposition,high,market,hk,2,104,-0.00078214152116126516,-1.5027605139454476,-0.00076945806064937397,-1.477839047478976
risk_inputs_neutralized,smart_decomposition,high,market,cn,2,108,0.0007960195951542395,1.4638577738635616,0.0008159199421797573,1.4795044699818751
risk_inputs_neutralized,smart_decomposition,high,market,jp,2,108,0.00091270715835636395,0.030378153558549732,0.00092827424345379432,0.041366922481423582
risk_inputs_neutralized,smart_decomposition,high,market,tw,2,106,0.0036170302164779101,2.8387407916039757,0.0036378312914516707,2.8581843076180196
risk_inputs_neutralized,smart_decomposition,high,period,early,10,258,0.00056713819426212583,-0.70635228714068765,0.00059274039109706166,-0.68042281693131335
risk_inputs_neutralized,smart_decomposition,high,period,late,10,272,0.0014254542925717767,2.1405385434910662,0.0014358095180694167,2.1495431998155126
risk_inputs_neutralized,smart_decomposition,high,regime,calm,2,14,-0.001797979563956285,5.0175851336717434,-0.001797979563956285,5.0175851336717434
risk_inputs_neutralized,smart_decomposition,high,regime,normal,6,184,0.00025584664612094148,-1.9267370578451988,0.00027582351353335421,-1.902901754430544
risk_inputs_neutralized,smart_decomposition,high,regime,stress,8,332,0.0015425938334586943,1.841900991960792,0.0015599017988649822,1.856788771769144
regime_input_neutralized,smart_decomposition,low,overall,overall,10,530,0.0010368122630896926,0.83926001509455317,0.0010402347350190215,0.8425748817288442
regime_input_neutralized,smart_decomposition,low,market,us,2,104,0.00050109891021904776,0.36188380330909481,0.00050496498710728935,0.36752688367260289
regime_input_neutralized,smart_decomposition,low,market,hk,2,104,-0.00072628851007054327,-1.4050554815113543,-0.00072365880033426952,-1.3997864647252165
regime_input_neutralized,smart_decomposition,low,market,cn,2,108,0.00080818205274522232,1.4729312099365175,0.00081208874827838346,1.4760007958202068
regime_input_neutralized,smart_decomposition,low,market,jp,2,108,0.00095578234997266746,0.061202835021385842,0.00095882824315784694,0.063367380103728541
regime_input_neutralized,smart_decomposition,low,market,tw,2,106,0.00360775530498642,2.7936491077498755,0.0036114106703827786,2.7971283214066922
regime_input_neutralized,smart_decomposition,low,period,early,10,258,0.00062083717919264873,-0.65309824125709171,0.00062587775238093766,-0.64797918998584136
regime_input_neutralized,smart_decomposition,low,period,late,10,272,0.0014313768647273293,2.1538229312280333,0.0014332645200213216,2.1555040986923748
regime_input_neutralized,smart_decomposition,low,regime,calm,2,14,-0.001592908007454353,5.5148689886386029,-0.001592908007454353,5.5148689886386029
regime_input_neutralized,smart_decomposition,low,regime,normal,6,184,0.00027359766397581968,-1.9239066062096049,0.00027760477386605764,-1.9190788617885894
regime_input_neutralized,smart_decomposition,low,regime,stress,8,332,0.0015706904860552627,1.8681803984032852,0.0015739332628707462,1.8709878290452691
regime_input_neutralized,smart_decomposition,base,overall,overall,10,530,0.0010320204087218331,0.83461751276171992,0.0010402347350190215,0.8425748817288442
regime_input_neutralized,smart_decomposition,base,market,us,2,104,0.00049568589429751109,0.35398162127000438,0.00050496498710728935,0.36752688367260289
regime_input_neutralized,smart_decomposition,base,market,hk,2,104,-0.00072997032306227456,-1.4124241347323854,-0.00072365880033426952,-1.3997864647252165
regime_input_neutralized,smart_decomposition,base,market,cn,2,108,0.00080271219737039479,1.4686317231208794,0.00081208874827838346,1.4760007958202068
regime_input_neutralized,smart_decomposition,base,market,jp,2,108,0.00095151778921952906,0.05817216389550451,0.00095882824315784694,0.063367380103728541
regime_input_neutralized,smart_decomposition,base,market,tw,2,106,0.0036026373458716535,2.7887717932365139,0.0036114106703827786,2.7971283214066922
regime_input_neutralized,smart_decomposition,base,period,early,10,258,0.00061377978111053547,-0.66026391584066957,0.00062587775238093766,-0.64797918998584136
regime_input_neutralized,smart_decomposition,base,period,late,10,272,0.0014287339452060783,2.1514673964001023,0.0014332645200213216,2.1555040986923748
regime_input_neutralized,smart_decomposition,base,regime,calm,2,14,-0.001592908007454353,5.5148689886386029,-0.001592908007454353,5.5148689886386029
regime_input_neutralized,smart_decomposition,base,regime,normal,6,184,0.00026798721658922975,-1.9306602945209868,0.00027760477386605764,-1.9190788617885894
regime_input_neutralized,smart_decomposition,base,regime,stress,8,332,0.0015661502435979345,1.8642474818364396,0.0015739332628707462,1.8709878290452691
regime_input_neutralized,smart_decomposition,high,overall,overall,10,530,0.0010231200318188938,0.82599056463861775,0.0010402347350190215,0.8425748817288442
regime_input_neutralized,smart_decomposition,high,market,us,2,104,0.00048563157676998126,0.33930071209800244,0.00050496498710728935,0.36752688367260289
regime_input_neutralized,smart_decomposition,high,market,hk,2,104,-0.00073680865485402499,-1.4260838450841773,-0.00072365880033426952,-1.3997864647252165
regime_input_neutralized,smart_decomposition,high,market,cn,2,108,0.00079255240339687783,1.4606406167916848,0.00081208874827838346,1.4760007958202068
regime_input_neutralized,smart_decomposition,high,market,jp,2,108,0.00094359693004206614,0.052542841032563306,0.00095882824315784694,0.063367380103728541
regime_input_neutralized,smart_decomposition,high,market,tw,2,106,0.0035931311789938521,2.7796941391232646,0.0036114106703827786,2.7971283214066922
regime_input_neutralized,smart_decomposition,high,period,early,10,258,0.0006006713406367265,-0.67356832936470967,0.00062587775238093766,-0.64797918998584136
regime_input_neutralized,smart_decomposition,high,period,late,10,272,0.0014238250403666849,2.1470869633885159,0.0014332645200213216,2.1555040986923748
regime_input_neutralized,smart_decomposition,high,regime,calm,2,14,-0.001592908007454353,5.5148689886386029,-0.001592908007454353,5.5148689886386029
regime_input_neutralized,smart_decomposition,high,regime,normal,6,184,0.00025756628626921323,-1.9431866984088235,0.00027760477386605764,-1.9190788617885894
regime_input_neutralized,smart_decomposition,high,regime,stress,8,332,0.0015577172659483115,1.8569357546178904,0.0015739332628707462,1.8709878290452691
anomaly_input_neutralized,smart_decomposition,low,overall,overall,10,530,0.0010378535719898444,0.84018783492005666,0.0010412603894980228,0.84348731116921494
anomaly_input_neutralized,smart_decomposition,low,market,us,2,104,0.00050088740602238714,0.3613207162430937,0.00050469524564082787,0.36687498926677387
anomaly_input_neutralized,smart_decomposition,low,market,hk,2,104,-0.00072055899558722957,-1.3945646648606276,-0.00071789791295997119,-1.3892238297390371
anomaly_input_neutralized,smart_decomposition,low,market,cn,2,108,0.00080799294895040079,1.4728841170346709,0.00081190157806530815,1.4759552504883069
anomaly_input_neutralized,smart_decomposition,low,market,jp,2,108,0.00095677158493318298,0.061907487033509893,0.00095978596015336036,0.06404965790235409
anomaly_input_neutralized,smart_decomposition,low,market,tw,2,106,0.0036067327246220209,2.7906754650801626,0.003610366317995536,2.7941344151888243
anomaly_input_neutralized,smart_decomposition,low,period,early,10,258,0.00062207398250552323,-0.65181424576728264,0.000627096088636491,-0.64671405186778852
anomaly_input_neutralized,smart_decomposition,low,period,late,10,272,0.0014322327414271788,2.1543027171612641,0.0014341074101681521,2.1559725393175238
anomaly_input_neutralized,smart_decomposition,low,regime,calm,2,14,-0.0015681834068541781,5.5367133414201604,-0.0015681834068541781,5.5367133414201604
anomaly_input_neutralized,smart_decomposition,low,regime,normal,6,184,0.00027217984437439907,-1.9256562453255874,0.00027617230211197339,-1.9208476064639546
anomaly_input_neutralized,smart_decomposition,low,regime,stress,8,332,0.0015720959924267668,1.8692752340248571,0.0015753218992208052,1.8720676144248469
anomaly_input_neutralized,smart_decomposition,base,overall,overall,10,530,0.0010330836385579335,0.83556689973254217,0.0010412603894980228,0.84348731116921494
anomaly_input_neutralized,smart_decomposition,base,market,us,2,104,0.00049555593977789337,0.35354294079002119,0.00050469524564082787,0.36687498926677387
anomaly_input_neutralized,smart_decomposition,base,market,hk,2,104,-0.00072428473325020324,-1.4020337635816156,-0.00071789791295997119,-1.3892238297390371
anomaly_input_neutralized,smart_decomposition,base,market,cn,2,108,0.00080252038563802654,1.4685824581679372,0.00081190157806530815,1.4759552504883069
anomaly_input_neutralized,smart_decomposition,base,market,jp,2,108,0.0009525511553022351,0.058908142729599641,0.00095978596015336036,0.06404965790235409
anomaly_input_neutralized,smart_decomposition,base,market,tw,2,106,0.0036016452503327984,2.7858266015114825,0.003610366317995536,2.7941344151888243
anomaly_input_neutralized,smart_decomposition,base,period,early,10,258,0.00061504244339471265,-0.65895353431545944,0.000627096088636491,-0.64671405186778852
anomaly_input_neutralized,smart_decomposition,base,period,late,10,272,0.0014296080074995179,2.1519631072974734,0.0014341074101681521,2.1559725393175238
anomaly_input_neutralized,smart_decomposition,base,regime,calm,2,14,-0.0015681834068541781,5.5367133414201604,-0.0015681834068541781,5.5367133414201604
anomaly_input_neutralized,smart_decomposition,base,regime,normal,6,184,0.00026658991810029627,-1.9323832521667634,0.00027617230211197339,-1.9208476064639546
anomaly_input_neutralized,smart_decomposition,base,regime,stress,8,332,0.001567579371087978,1.8653634082696735,0.0015753218992208052,1.8720676144248469
anomaly_input_neutralized,smart_decomposition,high,overall,overall,10,530,0.0010242239866618467,0.82698006748145336,0.0010412603894980228,0.84348731116921494
anomaly_input_neutralized,smart_decomposition,high,market,us,2,104,0.00048565312583867819,0.33909329029436303,0.00050469524564082787,0.36687498926677387
anomaly_input_neutralized,smart_decomposition,high,market,hk,2,104,-0.00073120464755375503,-1.4158796982080291,-0.00071789791295997119,-1.3892238297390371
anomaly_input_neutralized,smart_decomposition,high,market,cn,2,108,0.00079235555977897481,1.4605873012732555,0.00081190157806530815,1.4759552504883069
anomaly_input_neutralized,smart_decomposition,high,market,jp,2,108,0.00094471227241118649,0.053337006715277677,0.00095978596015336036,0.06404965790235409
anomaly_input_neutralized,smart_decomposition,high,market,tw,2,106,0.0035921957104963148,2.7768020376548628,0.003610366317995536,2.7941344151888243
anomaly_input_neutralized,smart_decomposition,high,period,early,10,258,0.00060198204248909019,-0.67220899165894799,0.000627096088636491,-0.64671405186778852
anomaly_input_neutralized,smart_decomposition,high,period,late,10,272,0.0014247328895904171,2.1476123774029983,0.0014341074101681521,2.1559725393175238
anomaly_input_neutralized,smart_decomposition,high,regime,calm,2,14,-0.0015681834068541781,5.5367133414201604,-0.0015681834068541781,5.5367133414201604
anomaly_input_neutralized,smart_decomposition,high,regime,normal,6,184,0.00025620712349764911,-1.9448603145025163,0.00027617230211197339,-1.9208476064639546
anomaly_input_neutralized,smart_decomposition,high,regime,stress,8,332,0.00155919027079268,1.8580909124746032,0.0015753218992208052,1.8720676144248469
fixed_weight_bounds,smart_decomposition,low,overall,overall,10,530,0.0010397095321045889,0.84276536448892647,0.0010431873268664353,0.84613676916062963
fixed_weight_bounds,smart_decomposition,low,market,us,2,104,0.00049394463299023267,0.34949893147575328,0.00049767720658664902,0.35491820051279449
fixed_weight_bounds,smart_decomposition,low,market,hk,2,104,-0.00069727439263433878,-1.3518485273040046,-0.00069455518989539338,-1.346359642275641
fixed_weight_bounds,smart_decomposition,low,market,cn,2,108,0.00079525695331284462,1.4637559577016699,0.00079924346597613077,1.4668887681616831
fixed_weight_bounds,smart_decomposition,low,market,jp,2,108,0.00093533196967792527,0.046821177482416536,0.00093858970756460899,0.049144162754253082
fixed_weight_bounds,smart_decomposition,low,market,tw,2,106,0.003634799465428452,2.8153646208961023,0.0036384774600086811,2.8188423852502082
fixed_weight_bounds,smart_decomposition,low,period,early,10,258,0.0006242674776728124,-0.64927466920683941,0.00062926264783921739,-0.64420536669734441
fixed_weight_bounds,smart_decomposition,low,period,late,10,272,0.0014337685396170821,2.1602006393084263,0.0014358070591790168,2.1620263632373704
fixed_weight_bounds,smart_decomposition,low,regime,calm,2,14,-0.0014612170131581043,5.6623861707969541,-0.0014612170131581043,5.6623861707969541
fixed_weight_bounds,smart_decomposition,low,regime,normal,6,184,0.0002464628220843281,-1.9527866770015807,0.00025046191131262188,-1.9479905993647708
fixed_weight_bounds,smart_decomposition,low,regime,stress,8,332,0.0015848009967955698,1.8844910444938521,0.001588136535367174,1.8873833248868053
fixed_weight_bounds,smart_decomposition,base,overall,overall,10,530,0.0010348402223880164,0.83804368850648692,0.0010431873268664353,0.84613676916062963
fixed_weight_bounds,smart_decomposition,base,market,us,2,104,0.00048871855902269138,0.34191036567488337,0.00049767720658664902,0.35491820051279449
fixed_weight_bounds,smart_decomposition,base,market,hk,2,104,-0.00070108150331219096,-1.3595246983660865,-0.00069455518989539338,-1.346359642275641
fixed_weight_bounds,smart_decomposition,base,market,cn,2,108,0.0007896753282546048,1.4593678423235505,0.00079924346597613077,1.4668887681616831
fixed_weight_bounds,smart_decomposition,base,market,jp,2,108,0.00093077081076752227,0.043568697455124081,0.00093858970756460899,0.049144162754253082
fixed_weight_bounds,smart_decomposition,base,market,tw,2,106,0.0036296498212959141,2.810489215803285,0.0036384774600086811,2.8188423852502082
fixed_weight_bounds,smart_decomposition,base,period,early,10,258,0.00061727365421996119,-0.65637069556471128,0.00062926264783921739,-0.64420536669734441
fixed_weight_bounds,smart_decomposition,base,period,late,10,272,0.0014309143936650684,2.1576425605081648,0.0014358070591790168,2.1620263632373704
fixed_weight_bounds,smart_decomposition,base,regime,calm,2,14,-0.0014612170131581043,5.6623861707969541,-0.0014612170131581043,5.6623861707969541
fixed_weight_bounds,smart_decomposition,base,regime,normal,6,184,0.0002408636136035431,-1.9594959876021096,0.00025046191131262188,-1.9479905993647708
fixed_weight_bounds,smart_decomposition,base,regime,stress,8,332,0.0015801308769482234,1.8804392251351856,0.001588136535367174,1.8873833248868053
fixed_weight_bounds,smart_decomposition,high,overall,overall,10,530,0.0010257959893661863,0.82926964234785383,0.0010431873268664353,0.84613676916062963
fixed_weight_bounds,smart_decomposition,high,market,us,2,104,0.0004790115350492652,0.32781271155552566,0.00049767720658664902,0.35491820051279449
fixed_weight_bounds,smart_decomposition,high,market,hk,2,104,-0.00070815255396880191,-1.3737545689181927,-0.00069455518989539338,-1.346359642275641
fixed_weight_bounds,smart_decomposition,high,market,cn,2,108,0.00077930788242400184,1.451211790619183,0.00079924346597613077,1.4668887681616831
fixed_weight_bounds,smart_decomposition,high,market,jp,2,108,0.00092229907823135207,0.037527469175232996,0.00093858970756460899,0.049144162754253082
fixed_weight_bounds,smart_decomposition,high,market,tw,2,106,0.003620084797933324,2.8014147366165036,0.0036384774600086811,2.8188423852502082
fixed_weight_bounds,smart_decomposition,high,period,early,10,258,0.0006042833131115193,-0.66954576761828466,0.00062926264783921739,-0.64420536669734441
fixed_weight_bounds,smart_decomposition,high,period,late,10,272,0.0014256131602253923,2.1528854667533217,0.0014358070591790168,2.1620263632373704
fixed_weight_bounds,smart_decomposition,high,regime,calm,2,14,-0.0014612170131581043,5.6623861707969541,-0.0014612170131581043,5.6623861707969541
fixed_weight_bounds,smart_decomposition,high,regime,normal,6,184,0.00023046358643841395,-1.9719398464082261,0.00025046191131262188,-1.9479905993647708
fixed_weight_bounds,smart_decomposition,high,regime,stress,8,332,0.0015714566645892293,1.8729063309060219,0.001588136535367174,1.8873833248868053
fixed_turnover_penalty,smart_decomposition,low,overall,overall,10,530,0.0010243369790185434,0.82709995713519979,0.0010278726796186879,0.83052292247227621
fixed_turnover_penalty,smart_decomposition,low,market,us,2,104,0.00047255772864145492,0.31518059647792407,0.0004764509755564954,0.32077338945971645
fixed_turnover_penalty,smart_decomposition,low,market,hk,2,104,-0.00070951105721861983,-1.3714505546047684,-0.00070678518313493379,-1.3659752693213365
fixed_turnover_penalty,smart_decomposition,low,market,cn,2,108,0.00080875573850323044,1.4749525236209315,0.00081271857783760397,1.4780703672879416
fixed_turnover_penalty,smart_decomposition,low,market,jp,2,108,0.00093047837027714975,0.043313510267252421,0.00093352728870113794,0.045485226878597115
fixed_turnover_penalty,smart_decomposition,low,market,tw,2,106,0.0035821175594676615,2.7692103160733526,0.0035861577754705476,2.7730403140424857
fixed_turnover_penalty,smart_decomposition,low,period,early,10,258,0.00059757272497101485,-0.67523922954628501,0.0006027208724620483,-0.67002455900978786
fixed_turnover_penalty,smart_decomposition,low,period,late,10,272,0.0014291354258724491,2.1556529477851312,0.0014311416731716774,2.1574342127038273
fixed_turnover_penalty,smart_decomposition,low,regime,calm,2,14,-0.0016222815559992945,5.3924985287731406,-0.0016222815559992945,5.3924985287731406
fixed_turnover_penalty,smart_decomposition,low,regime,normal,6,184,0.00026719522244122849,-1.9215494514568592,0.00027127917273567307,-1.9166613189003505
fixed_turnover_penalty,smart_decomposition,low,regime,stress,8,332,0.0015555621076344338,1.8577672452973741,0.0015589430548148522,1.8606939935374269
fixed_turnover_penalty,smart_decomposition,base,overall,overall,10,530,0.0010193865796537982,0.82230600697344347,0.0010278726796186879,0.83052292247227621
fixed_turnover_penalty,smart_decomposition,base,market,us,2,104,0.00046710666350799758,0.30734908046180187,0.0004764509755564954,0.32077338945971645
fixed_turnover_penalty,smart_decomposition,base,market,hk,2,104,-0.00071332751178776834,-1.3791076088086409,-0.00070678518313493379,-1.3659752693213365
fixed_turnover_penalty,smart_decomposition,base,market,cn,2,108,0.00080320726495623068,1.47058540223697,0.00081271857783760397,1.4780703672879416
fixed_turnover_penalty,smart_decomposition,base,market,jp,2,108,0.00092620957805086422,0.040272819403179186,0.00093352728870113794,0.045485226878597115
fixed_turnover_penalty,smart_decomposition,base,market,tw,2,106,0.0035764607206871975,2.7638405774546979,0.0035861577754705476,2.7730403140424857
fixed_turnover_penalty,smart_decomposition,base,period,early,10,258,0.00059036468872997313,-0.68253861686300277,0.0006027208724620483,-0.67002455900978786
fixed_turnover_penalty,smart_decomposition,base,period,late,10,272,0.0014263264614859559,2.1531570878260213,0.0014311416731716774,2.1574342127038273
fixed_turnover_penalty,smart_decomposition,base,regime,calm,2,14,-0.0016222815559992945,5.3924985287731406,-0.0016222815559992945,5.3924985287731406
fixed_turnover_penalty,smart_decomposition,base,regime,normal,6,184,0.00026147718102510276,-1.9283875115484121,0.00027127917273567307,-1.9166613189003505
fixed_turnover_penalty,smart_decomposition,base,regime,stress,8,332,0.0015508283966623022,1.8536670491389851,0.0015589430548148522,1.8606939935374269
fixed_turnover_penalty,smart_decomposition,high,overall,overall,10,530,0.0010101916850741638,0.81339746596473672,0.0010278726796186879,0.83052292247227621
fixed_turnover_penalty,smart_decomposition,high,market,us,2,104,0.00045698164856283052,0.29280021787437421,0.0004764509755564954,0.32077338945971645
fixed_turnover_penalty,smart_decomposition,high,market,hk,2,104,-0.00072041592779782204,-1.3933017354308348,-0.00070678518313493379,-1.3659752693213365
fixed_turnover_penalty,smart_decomposition,high,market,cn,2,108,0.00079290141362602985,1.4624684636127863,0.00081271857783760397,1.4780703672879416
fixed_turnover_penalty,smart_decomposition,high,market,jp,2,108,0.00091828087238057798,0.034624951524755788,0.00093352728870113794,0.045485226878597115
fixed_turnover_penalty,smart_decomposition,high,market,tw,2,106,0.0035659535022738902,2.7538443386808025,0.0035861577754705476,2.7730403140424857
fixed_turnover_penalty,smart_decomposition,high,period,early,10,258,0.00057697638597336166,-0.69609086336054793,0.0006027208724620483,-0.67002455900978786
fixed_turnover_penalty,smart_decomposition,high,period,late,10,272,0.0014211091378977195,2.1485154687930974,0.0014311416731716774,2.1574342127038273
fixed_turnover_penalty,smart_decomposition,high,regime,calm,2,14,-0.0016222815559992945,5.3924985287731406,-0.0016222815559992945,5.3924985287731406
fixed_turnover_penalty,smart_decomposition,high,regime,normal,6,184,0.00025085637915012236,-1.9410700676295525,0.00027127917273567307,-1.9166613189003505
fixed_turnover_penalty,smart_decomposition,high,regime,stress,8,332,0.0015420360274387788,1.8460439378552889,0.0015589430548148522,1.8606939935374269
fixed_concentration_penalty,smart_decomposition,low,overall,overall,10,530,0.0010222869458833873,0.82528281627426103,0.0010258623731361162,0.82874688830256549
fixed_concentration_penalty,smart_decomposition,low,market,us,2,104,0.00048743376424811109,0.33843696462632966,0.00049139251299466422,0.34415692548204269
fixed_concentration_penalty,smart_decomposition,low,market,hk,2,104,-0.00072107653782815188,-1.3978538810553849,-0.00071830835174308385,-1.3922955207841978
fixed_concentration_penalty,smart_decomposition,low,market,cn,2,108,0.0008058680513873197,1.4712828156189319,0.00080982266342219758,1.4743914275501493
fixed_concentration_penalty,smart_decomposition,low,market,jp,2,108,0.00092576033290784395,0.039873416831546764,0.00092895674653183373,0.042145753041355025
fixed_concentration_penalty,smart_decomposition,low,market,tw,2,106,0.0035763685308173765,2.7739429388011305,0.0035803597048768105,2.7777550014350223
fixed_concentration_penalty,smart_decomposition,low,period,early,10,258,0.00060030867918056576,-0.67331864006805708,0.00060549841072668497,-0.66805494734749538
fixed_concentration_penalty,smart_decomposition,low,period,late,10,272,0.0014225457429765053,2.1479585190722061,0.0014245899551274151,2.1497835486689172
fixed_concentration_penalty,smart_decomposition,low,regime,calm,2,14,-0.0015597882380807314,5.5516452235824776,-0.0015597882380807314,5.5516452235824776
fixed_concentration_penalty,smart_decomposition,low,regime,normal,6,184,0.00025869462099123924,-1.935078205497935,0.00026284216577996517,-1.9301065156164381
fixed_concentration_penalty,smart_decomposition,low,regime,stress,8,332,0.0015543653806895713,1.8562163979643911,0.0015577745017824045,1.8591717890116028
fixed_concentration_penalty,smart_decomposition,base,overall,overall,10,530,0.0010172809225910667,0.82043131582754836,0.0010258623731361162,0.82874688830256549
fixed_concentration_penalty,smart_decomposition,base,market,us,2,104,0.00048189098782475419,0.33042729811416882,0.00049139251299466422,0.34415692548204269
fixed_concentration_penalty,smart_decomposition,base,market,hk,2,104,-0.00072495223312952139,-1.4056268669145737,-0.00071830835174308385,-1.3922955207841978
fixed_concentration_penalty,smart_decomposition,base,market,cn,2,108,0.0008003310976924901,1.4669286348420376,0.00080982266342219758,1.4743914275501493
fixed_concentration_penalty,smart_decomposition,base,market,jp,2,108,0.00092128501879308871,0.036691842200873286,0.00092895674653183373,0.042145753041355025
fixed_concentration_penalty,smart_decomposition,base,market,tw,2,106,0.0035707803575897984,2.7685984069571399,0.0035803597048768105,2.7777550014350223
fixed_concentration_penalty,smart_decomposition,base,period,early,10,258,0.00059304241729980387,-0.6806866500301394,0.00060549841072668497,-0.66805494734749538
fixed_concentration_penalty,smart_decomposition,base,period,late,10,272,0.0014196836224629266,2.1454013687644187,0.0014245899551274151,2.1497835486689172
fixed_concentration_penalty,smart_decomposition,base,regime,calm,2,14,-0.0015597882380807314,5.5516452235824776,-0.0015597882380807314,5.5516452235824776
fixed_concentration_penalty,smart_decomposition,base,regime,normal,6,184,0.00025288753992838426,-1.9420331037723684,0.00026284216577996517,-1.9301065156164381
fixed_concentration_penalty,smart_decomposition,base,regime,stress,8,332,0.00154959221975775,1.8520760835538634,0.0015577745017824045,1.8591717890116028
fixed_concentration_penalty,smart_decomposition,high,overall,overall,10,530,0.0010079827059532316,0.81141589518624568,0.0010258623731361162,0.82874688830256549
fixed_concentration_penalty,smart_decomposition,high,market,us,2,104,0.00047159562489693536,0.31554724516039478,0.00049139251299466422,0.34415692548204269
fixed_concentration_penalty,smart_decomposition,high,market,hk,2,104,-0.00073215067980904596,-1.4200351317961066,-0.00071830835174308385,-1.3922955207841978
fixed_concentration_penalty,smart_decomposition,high,market,cn,2,108,0.00079004664542922643,1.4588357784149337,0.00080982266342219758,1.4743914275501493
fixed_concentration_penalty,smart_decomposition,high,market,jp,2,108,0.00091297268389470471,0.030782285249954119,0.00092895674653183373,0.042145753041355025
fixed_concentration_penalty,smart_decomposition,high,market,tw,2,106,0.0035604006820668657,2.7586492823923101,0.0035803597048768105,2.7777550014350223
fixed_concentration_penalty,smart_decomposition,high,period,early,10,258,0.00057954595655704115,-0.69436630777579966,0.00060549841072668497,-0.66805494734749538
fixed_concentration_penalty,smart_decomposition,high,period,late,10,272,0.0014143675638363831,2.1406458646873694,0.0014245899551274151,2.1497835486689172
fixed_concentration_penalty,smart_decomposition,high,regime,calm,2,14,-0.0015597882380807314,5.5516452235824776,-0.0015597882380807314,5.5516452235824776
fixed_concentration_penalty,smart_decomposition,high,regime,normal,6,184,0.0002421013559399207,-1.95493219812874,0.00026284216577996517,-1.9301065156164381
fixed_concentration_penalty,smart_decomposition,high,regime,stress,8,332,0.0015407265662511979,1.8443784117043989,0.0015577745017824045,1.8591717890116028
