analysis,model_or_variant,analysis_tier,metric,cost_scenario,slice_type,slice_value,portfolio_count,unique_dates,estimate,ci_low,ci_high,p_value,confidence_level,bootstrap_replicates,randomization_replicates,block_length,block_count,repeat_count,status,failure_reason,holm_adjusted_p_value,bh_adjusted_p_value
allocation,without_model_view,parent_primary,net_mean_log_return,base,overall,overall,10,55,8.8861826641055928e-05,-0.00011754044543411235,0.00028609340915399076,0.28685657171414292,0.94999999999999996,2000,2000,21,30,1,estimable,,1,
allocation,without_model_view,parent_primary,net_information_ratio,base,overall,overall,10,55,0.08539752274839707,-0.12478729102888464,0.27810800757691373,0.30334832583708143,0.94999999999999996,2000,2000,21,30,1,estimable,,1,
allocation,without_model_view,parent_primary,net_mean_log_return,base,market,us,2,52,,,,,0.94999999999999996,2000,2000,21,0,1,not_estimable,fewer than eight allocation time blocks or one incomplete portfolio block,,
allocation,without_model_view,parent_primary,net_information_ratio,base,market,us,2,52,,,,,0.94999999999999996,2000,2000,21,0,1,not_estimable,fewer than eight allocation time blocks or one incomplete portfolio block,,
allocation,without_model_view,parent_primary,net_mean_log_return,base,market,hk,2,52,,,,,0.94999999999999996,2000,2000,21,0,1,not_estimable,fewer than eight allocation time blocks or one incomplete portfolio block,,
allocation,without_model_view,parent_primary,net_information_ratio,base,market,hk,2,52,,,,,0.94999999999999996,2000,2000,21,0,1,not_estimable,fewer than eight allocation time blocks or one incomplete portfolio block,,
allocation,without_model_view,parent_primary,net_mean_log_return,base,market,cn,2,54,,,,,0.94999999999999996,2000,2000,21,0,1,not_estimable,fewer than eight allocation time blocks or one incomplete portfolio block,,
allocation,without_model_view,parent_primary,net_information_ratio,base,market,cn,2,54,,,,,0.94999999999999996,2000,2000,21,0,1,not_estimable,fewer than eight allocation time blocks or one incomplete portfolio block,,
allocation,without_model_view,parent_primary,net_mean_log_return,base,market,jp,2,54,,,,,0.94999999999999996,2000,2000,21,0,1,not_estimable,fewer than eight allocation time blocks or one incomplete portfolio block,,
allocation,without_model_view,parent_primary,net_information_ratio,base,market,jp,2,54,,,,,0.94999999999999996,2000,2000,21,0,1,not_estimable,fewer than eight allocation time blocks or one incomplete portfolio block,,
allocation,without_model_view,parent_primary,net_mean_log_return,base,market,tw,2,53,,,,,0.94999999999999996,2000,2000,21,0,1,not_estimable,fewer than eight allocation time blocks or one incomplete portfolio block,,
allocation,without_model_view,parent_primary,net_information_ratio,base,market,tw,2,53,,,,,0.94999999999999996,2000,2000,21,0,1,not_estimable,fewer than eight allocation time blocks or one incomplete portfolio block,,
allocation,without_model_view,parent_primary,net_mean_log_return,base,period,early,10,27,0.00021428756524703339,-3.9491992900393691e-05,0.00046873067756614495,0.15242378810594703,0.94999999999999996,2000,2000,21,20,1,estimable,,,0.66776135741652998
allocation,without_model_view,parent_primary,net_information_ratio,base,period,early,10,27,0.19694832814451446,-0.056375396697700815,0.44861900288254725,0.20989505247376311,0.94999999999999996,2000,2000,21,20,1,estimable,,,0.69940787182166497
allocation,without_model_view,parent_primary,net_mean_log_return,base,period,late,10,28,-3.0108175419025487e-05,-0.00020215495793035824,0.00013963643802899464,0.83108445777111439,0.94999999999999996,2000,2000,21,20,1,estimable,,,0.95002498750624687
allocation,without_model_view,parent_primary,net_information_ratio,base,period,late,10,28,-0.10521958379402019,-0.27092624717561159,0.052053066261294557,0.45077461269365315,0.94999999999999996,2000,2000,21,20,1,estimable,,,0.76683087027914609
allocation,without_model_view,parent_primary,net_mean_log_return,base,regime,calm,2,7,,,,,0.94999999999999996,2000,2000,21,0,1,not_estimable,fewer than eight allocation time blocks or one incomplete portfolio block,,
allocation,without_model_view,parent_primary,net_information_ratio,base,regime,calm,2,7,,,,,0.94999999999999996,2000,2000,21,0,1,not_estimable,fewer than eight allocation time blocks or one incomplete portfolio block,,
allocation,without_model_view,parent_primary,net_mean_log_return,base,regime,normal,6,54,-0.00012413865798295909,-0.00039507427562352133,0.00014159424775492182,0.34332833583208394,0.94999999999999996,2000,2000,21,12,1,estimable,,,0.7178683385579937
allocation,without_model_view,parent_primary,net_information_ratio,base,regime,normal,6,54,-0.28577607514439007,-0.59380815020102151,-0.00068330511042310929,0.066466766616691653,0.94999999999999996,2000,2000,21,12,1,estimable,,,0.40766283524904218
allocation,without_model_view,parent_primary,net_mean_log_return,base,regime,stress,8,55,0.00016079349282779312,-9.4263389093313804e-05,0.00041547288440617645,0.29435282358820591,0.94999999999999996,2000,2000,21,20,1,estimable,,,0.7178683385579937
allocation,without_model_view,parent_primary,net_information_ratio,base,regime,stress,8,55,0.11161166011770285,-0.12392871311112305,0.35222959464054915,0.43728135932033985,0.94999999999999996,2000,2000,21,20,1,estimable,,,0.76683087027914609
allocation,fixed_view_uncertainty,parent_primary,net_mean_log_return,base,overall,overall,10,55,1.9599655494418429e-05,-1.4117715662712664e-05,5.0799193506313064e-05,0.15442278860569716,0.94999999999999996,2000,2000,21,30,1,estimable,,1,
allocation,fixed_view_uncertainty,parent_primary,net_information_ratio,base,overall,overall,10,55,0.01969719665862868,-0.013487168938364364,0.049315664634043674,0.14192903548225888,0.94999999999999996,2000,2000,21,30,1,estimable,,1,
allocation,fixed_view_uncertainty,parent_primary,net_mean_log_return,base,market,us,2,52,,,,,0.94999999999999996,2000,2000,21,0,1,not_estimable,fewer than eight allocation time blocks or one incomplete portfolio block,,
allocation,fixed_view_uncertainty,parent_primary,net_information_ratio,base,market,us,2,52,,,,,0.94999999999999996,2000,2000,21,0,1,not_estimable,fewer than eight allocation time blocks or one incomplete portfolio block,,
allocation,fixed_view_uncertainty,parent_primary,net_mean_log_return,base,market,hk,2,52,,,,,0.94999999999999996,2000,2000,21,0,1,not_estimable,fewer than eight allocation time blocks or one incomplete portfolio block,,
allocation,fixed_view_uncertainty,parent_primary,net_information_ratio,base,market,hk,2,52,,,,,0.94999999999999996,2000,2000,21,0,1,not_estimable,fewer than eight allocation time blocks or one incomplete portfolio block,,
allocation,fixed_view_uncertainty,parent_primary,net_mean_log_return,base,market,cn,2,54,,,,,0.94999999999999996,2000,2000,21,0,1,not_estimable,fewer than eight allocation time blocks or one incomplete portfolio block,,
allocation,fixed_view_uncertainty,parent_primary,net_information_ratio,base,market,cn,2,54,,,,,0.94999999999999996,2000,2000,21,0,1,not_estimable,fewer than eight allocation time blocks or one incomplete portfolio block,,
allocation,fixed_view_uncertainty,parent_primary,net_mean_log_return,base,market,jp,2,54,,,,,0.94999999999999996,2000,2000,21,0,1,not_estimable,fewer than eight allocation time blocks or one incomplete portfolio block,,
allocation,fixed_view_uncertainty,parent_primary,net_information_ratio,base,market,jp,2,54,,,,,0.94999999999999996,2000,2000,21,0,1,not_estimable,fewer than eight allocation time blocks or one incomplete portfolio block,,
allocation,fixed_view_uncertainty,parent_primary,net_mean_log_return,base,market,tw,2,53,,,,,0.94999999999999996,2000,2000,21,0,1,not_estimable,fewer than eight allocation time blocks or one incomplete portfolio block,,
allocation,fixed_view_uncertainty,parent_primary,net_information_ratio,base,market,tw,2,53,,,,,0.94999999999999996,2000,2000,21,0,1,not_estimable,fewer than eight allocation time blocks or one incomplete portfolio block,,
allocation,fixed_view_uncertainty,parent_primary,net_mean_log_return,base,period,early,10,27,1.466124938678641e-05,-2.3571963160625371e-05,5.2225724393090585e-05,0.50274862568715639,0.94999999999999996,2000,2000,21,20,1,estimable,,,0.78394700954607444
allocation,fixed_view_uncertainty,parent_primary,net_information_ratio,base,period,early,10,27,0.010472367493980062,-0.026684897655327708,0.048113614687946137,0.66066966516741632,0.94999999999999996,2000,2000,21,20,1,estimable,,,0.93532338308457708
allocation,fixed_view_uncertainty,parent_primary,net_mean_log_return,base,period,late,10,28,2.4283878934746109e-05,-6.1109731336915697e-06,5.5309441849373145e-05,0.32883558220889553,0.94999999999999996,2000,2000,21,20,1,estimable,,,0.7178683385579937
allocation,fixed_view_uncertainty,parent_primary,net_information_ratio,base,period,late,10,28,0.014127550631072072,-0.016150347035638613,0.041680547113240915,0.63718140929535227,0.94999999999999996,2000,2000,21,20,1,estimable,,,0.93532338308457708
allocation,fixed_view_uncertainty,parent_primary,net_mean_log_return,base,regime,calm,2,7,,,,,0.94999999999999996,2000,2000,21,0,1,not_estimable,fewer than eight allocation time blocks or one incomplete portfolio block,,
allocation,fixed_view_uncertainty,parent_primary,net_information_ratio,base,regime,calm,2,7,,,,,0.94999999999999996,2000,2000,21,0,1,not_estimable,fewer than eight allocation time blocks or one incomplete portfolio block,,
allocation,fixed_view_uncertainty,parent_primary,net_mean_log_return,base,regime,normal,6,54,-2.5420817358952965e-05,-8.0912101607883932e-05,2.9494530798560449e-05,0.36931534232883556,0.94999999999999996,2000,2000,21,12,1,estimable,,,0.72291513817559294
allocation,fixed_view_uncertainty,parent_primary,net_information_ratio,base,regime,normal,6,54,-0.057241497089017379,-0.12143372226645228,0.0042348982557279119,0.13443278360819591,0.94999999999999996,2000,2000,21,12,1,estimable,,,0.65093768905021177
allocation,fixed_view_uncertainty,parent_primary,net_mean_log_return,base,regime,stress,8,55,3.6186278524046175e-05,3.6280317686241386e-06,6.6816455112903708e-05,0.023988005997001498,0.94999999999999996,2000,2000,21,20,1,estimable,,,0.25747126436781609
allocation,fixed_view_uncertainty,parent_primary,net_information_ratio,base,regime,stress,8,55,0.027044850727589775,-0.0052687832811359756,0.054404129591456733,0.087456271864067972,0.94999999999999996,2000,2000,21,20,1,estimable,,,0.50287356321839083
allocation,fixed_smart_policy,parent_primary,net_mean_log_return,base,overall,overall,10,55,-9.9242579977381045e-06,-3.718398050133291e-05,1.9277418320115464e-05,0.52573713143428291,0.94999999999999996,2000,2000,21,30,1,estimable,,1,
allocation,fixed_smart_policy,parent_primary,net_information_ratio,base,overall,overall,10,55,-0.01377898718396986,-0.041220082229067492,0.012731581376475202,0.36281859070464767,0.94999999999999996,2000,2000,21,30,1,estimable,,1,
allocation,fixed_smart_policy,parent_primary,net_mean_log_return,base,market,us,2,52,,,,,0.94999999999999996,2000,2000,21,0,1,not_estimable,fewer than eight allocation time blocks or one incomplete portfolio block,,
allocation,fixed_smart_policy,parent_primary,net_information_ratio,base,market,us,2,52,,,,,0.94999999999999996,2000,2000,21,0,1,not_estimable,fewer than eight allocation time blocks or one incomplete portfolio block,,
allocation,fixed_smart_policy,parent_primary,net_mean_log_return,base,market,hk,2,52,,,,,0.94999999999999996,2000,2000,21,0,1,not_estimable,fewer than eight allocation time blocks or one incomplete portfolio block,,
allocation,fixed_smart_policy,parent_primary,net_information_ratio,base,market,hk,2,52,,,,,0.94999999999999996,2000,2000,21,0,1,not_estimable,fewer than eight allocation time blocks or one incomplete portfolio block,,
allocation,fixed_smart_policy,parent_primary,net_mean_log_return,base,market,cn,2,54,,,,,0.94999999999999996,2000,2000,21,0,1,not_estimable,fewer than eight allocation time blocks or one incomplete portfolio block,,
allocation,fixed_smart_policy,parent_primary,net_information_ratio,base,market,cn,2,54,,,,,0.94999999999999996,2000,2000,21,0,1,not_estimable,fewer than eight allocation time blocks or one incomplete portfolio block,,
allocation,fixed_smart_policy,parent_primary,net_mean_log_return,base,market,jp,2,54,,,,,0.94999999999999996,2000,2000,21,0,1,not_estimable,fewer than eight allocation time blocks or one incomplete portfolio block,,
allocation,fixed_smart_policy,parent_primary,net_information_ratio,base,market,jp,2,54,,,,,0.94999999999999996,2000,2000,21,0,1,not_estimable,fewer than eight allocation time blocks or one incomplete portfolio block,,
allocation,fixed_smart_policy,parent_primary,net_mean_log_return,base,market,tw,2,53,,,,,0.94999999999999996,2000,2000,21,0,1,not_estimable,fewer than eight allocation time blocks or one incomplete portfolio block,,
allocation,fixed_smart_policy,parent_primary,net_information_ratio,base,market,tw,2,53,,,,,0.94999999999999996,2000,2000,21,0,1,not_estimable,fewer than eight allocation time blocks or one incomplete portfolio block,,
allocation,fixed_smart_policy,parent_primary,net_mean_log_return,base,period,early,10,27,-1.6560288433084156e-05,-4.4760001223630164e-05,1.1253046106512971e-05,0.32083958020989506,0.94999999999999996,2000,2000,21,20,1,estimable,,,0.7178683385579937
allocation,fixed_smart_policy,parent_primary,net_information_ratio,base,period,early,10,27,-0.015129784502193488,-0.045117000758452937,0.012925577604350926,0.33983008495752126,0.94999999999999996,2000,2000,21,20,1,estimable,,,0.7178683385579937
allocation,fixed_smart_policy,parent_primary,net_mean_log_return,base,period,late,10,28,-3.6297879524463481e-06,-4.3816876195327442e-05,3.6903063645320841e-05,0.92353823088455778,0.94999999999999996,2000,2000,21,20,1,estimable,,,0.95002498750624687
allocation,fixed_smart_policy,parent_primary,net_information_ratio,base,period,late,10,28,-0.018602255657575117,-0.05464843432272256,0.017477297617645639,0.57921039480259873,0.94999999999999996,2000,2000,21,20,1,estimable,,,0.87356321839080453
allocation,fixed_smart_policy,parent_primary,net_mean_log_return,base,regime,calm,2,7,,,,,0.94999999999999996,2000,2000,21,0,1,not_estimable,fewer than eight allocation time blocks or one incomplete portfolio block,,
allocation,fixed_smart_policy,parent_primary,net_information_ratio,base,regime,calm,2,7,,,,,0.94999999999999996,2000,2000,21,0,1,not_estimable,fewer than eight allocation time blocks or one incomplete portfolio block,,
allocation,fixed_smart_policy,parent_primary,net_mean_log_return,base,regime,normal,6,54,-2.635431674296161e-05,-6.3250097457988232e-05,9.7856183794335443e-06,0.18490754622688654,0.94999999999999996,2000,2000,21,12,1,estimable,,,0.69940787182166497
allocation,fixed_smart_policy,parent_primary,net_information_ratio,base,regime,normal,6,54,-0.0030812995960043388,-0.038403806368080114,0.034932855378326778,0.81959020489755119,0.94999999999999996,2000,2000,21,12,1,estimable,,,0.95002498750624687
allocation,fixed_smart_policy,parent_primary,net_mean_log_return,base,regime,stress,8,55,2.2060513545170326e-06,-3.2037791166666528e-05,3.7607327073083997e-05,0.89655172413793105,0.94999999999999996,2000,2000,21,20,1,estimable,,,0.95002498750624687
allocation,fixed_smart_policy,parent_primary,net_information_ratio,base,regime,stress,8,55,-0.0011082629768335295,-0.029851226202379139,0.025699139511660203,0.94402798600699656,0.94999999999999996,2000,2000,21,20,1,estimable,,,0.95002498750624687
allocation,guard_disabled,parent_primary,net_mean_log_return,base,overall,overall,10,55,-9.2696639960327537e-06,-4.1685485187319451e-05,2.2354196725359049e-05,0.70414792603698151,0.94999999999999996,2000,2000,21,30,1,estimable,,1,
allocation,guard_disabled,parent_primary,net_information_ratio,base,overall,overall,10,55,-0.0077471098828664209,-0.040745330518895222,0.024589324673231425,0.74562718640679659,0.94999999999999996,2000,2000,21,30,1,estimable,,1,
allocation,guard_disabled,parent_primary,net_mean_log_return,base,market,us,2,52,,,,,0.94999999999999996,2000,2000,21,0,1,not_estimable,fewer than eight allocation time blocks or one incomplete portfolio block,,
allocation,guard_disabled,parent_primary,net_information_ratio,base,market,us,2,52,,,,,0.94999999999999996,2000,2000,21,0,1,not_estimable,fewer than eight allocation time blocks or one incomplete portfolio block,,
allocation,guard_disabled,parent_primary,net_mean_log_return,base,market,hk,2,52,,,,,0.94999999999999996,2000,2000,21,0,1,not_estimable,fewer than eight allocation time blocks or one incomplete portfolio block,,
allocation,guard_disabled,parent_primary,net_information_ratio,base,market,hk,2,52,,,,,0.94999999999999996,2000,2000,21,0,1,not_estimable,fewer than eight allocation time blocks or one incomplete portfolio block,,
allocation,guard_disabled,parent_primary,net_mean_log_return,base,market,cn,2,54,,,,,0.94999999999999996,2000,2000,21,0,1,not_estimable,fewer than eight allocation time blocks or one incomplete portfolio block,,
allocation,guard_disabled,parent_primary,net_information_ratio,base,market,cn,2,54,,,,,0.94999999999999996,2000,2000,21,0,1,not_estimable,fewer than eight allocation time blocks or one incomplete portfolio block,,
allocation,guard_disabled,parent_primary,net_mean_log_return,base,market,jp,2,54,,,,,0.94999999999999996,2000,2000,21,0,1,not_estimable,fewer than eight allocation time blocks or one incomplete portfolio block,,
allocation,guard_disabled,parent_primary,net_information_ratio,base,market,jp,2,54,,,,,0.94999999999999996,2000,2000,21,0,1,not_estimable,fewer than eight allocation time blocks or one incomplete portfolio block,,
allocation,guard_disabled,parent_primary,net_mean_log_return,base,market,tw,2,53,,,,,0.94999999999999996,2000,2000,21,0,1,not_estimable,fewer than eight allocation time blocks or one incomplete portfolio block,,
allocation,guard_disabled,parent_primary,net_information_ratio,base,market,tw,2,53,,,,,0.94999999999999996,2000,2000,21,0,1,not_estimable,fewer than eight allocation time blocks or one incomplete portfolio block,,
allocation,guard_disabled,parent_primary,net_mean_log_return,base,period,early,10,27,-9.4744119166648242e-07,-1.6231716477843249e-05,1.3888361347408714e-05,0.95002498750624687,0.94999999999999996,2000,2000,21,20,1,estimable,,,0.95002498750624687
allocation,guard_disabled,parent_primary,net_information_ratio,base,period,early,10,27,-0.0021508225845520146,-0.018007924716514447,0.013457522675006425,0.82108945527236377,0.94999999999999996,2000,2000,21,20,1,estimable,,,0.95002498750624687
allocation,guard_disabled,parent_primary,net_mean_log_return,base,period,late,10,28,-1.7163537097233386e-05,-7.0119548725946568e-05,3.6247925814111769e-05,0.6811594202898551,0.94999999999999996,2000,2000,21,20,1,estimable,,,0.93532338308457708
allocation,guard_disabled,parent_primary,net_information_ratio,base,period,late,10,28,-0.013451354231229562,-0.065612997526829323,0.040222386267998782,0.74662668665667165,0.94999999999999996,2000,2000,21,20,1,estimable,,,0.95002498750624687
allocation,guard_disabled,parent_primary,net_mean_log_return,base,regime,calm,2,7,,,,,0.94999999999999996,2000,2000,21,0,1,not_estimable,fewer than eight allocation time blocks or one incomplete portfolio block,,
allocation,guard_disabled,parent_primary,net_information_ratio,base,regime,calm,2,7,,,,,0.94999999999999996,2000,2000,21,0,1,not_estimable,fewer than eight allocation time blocks or one incomplete portfolio block,,
allocation,guard_disabled,parent_primary,net_mean_log_return,base,regime,normal,6,54,-2.4243700668134235e-05,-5.2484740668554152e-05,7.0519413463364695e-06,0.66466766616691653,0.94999999999999996,2000,2000,21,12,1,estimable,,,0.93532338308457708
allocation,guard_disabled,parent_primary,net_information_ratio,base,regime,normal,6,54,-0.024647663107915108,-0.058884891908267484,0.015611619408088563,0.75012493753123444,0.94999999999999996,2000,2000,21,12,1,estimable,,,0.95002498750624687
allocation,guard_disabled,parent_primary,net_mean_log_return,base,regime,stress,8,55,9.6278600255775629e-06,-2.2604237000900898e-05,4.4517834777080029e-05,0.67866066966516747,0.94999999999999996,2000,2000,21,20,1,estimable,,,0.93532338308457708
allocation,guard_disabled,parent_primary,net_information_ratio,base,regime,stress,8,55,0.01435731108529037,-0.015745935375828201,0.046381457722135699,0.41329335332333833,0.94999999999999996,2000,2000,21,20,1,estimable,,,0.76045977011494259
allocation,risk_inputs_neutralized,smart_decomposition,net_mean_log_return,base,overall,overall,10,55,-1.5777470487930321e-05,-4.0781895212672588e-05,9.4887743308318536e-06,0.32983508245877063,0.94999999999999996,2000,2000,21,30,1,estimable,,,0.7178683385579937
allocation,risk_inputs_neutralized,smart_decomposition,net_information_ratio,base,overall,overall,10,55,-0.017583173818249365,-0.042532037461078503,0.0069391870386681671,0.29435282358820591,0.94999999999999996,2000,2000,21,30,1,estimable,,,0.7178683385579937
allocation,risk_inputs_neutralized,smart_decomposition,net_mean_log_return,base,market,us,2,52,,,,,0.94999999999999996,2000,2000,21,0,1,not_estimable,fewer than eight allocation time blocks or one incomplete portfolio block,,
allocation,risk_inputs_neutralized,smart_decomposition,net_information_ratio,base,market,us,2,52,,,,,0.94999999999999996,2000,2000,21,0,1,not_estimable,fewer than eight allocation time blocks or one incomplete portfolio block,,
allocation,risk_inputs_neutralized,smart_decomposition,net_mean_log_return,base,market,hk,2,52,,,,,0.94999999999999996,2000,2000,21,0,1,not_estimable,fewer than eight allocation time blocks or one incomplete portfolio block,,
allocation,risk_inputs_neutralized,smart_decomposition,net_information_ratio,base,market,hk,2,52,,,,,0.94999999999999996,2000,2000,21,0,1,not_estimable,fewer than eight allocation time blocks or one incomplete portfolio block,,
allocation,risk_inputs_neutralized,smart_decomposition,net_mean_log_return,base,market,cn,2,54,,,,,0.94999999999999996,2000,2000,21,0,1,not_estimable,fewer than eight allocation time blocks or one incomplete portfolio block,,
allocation,risk_inputs_neutralized,smart_decomposition,net_information_ratio,base,market,cn,2,54,,,,,0.94999999999999996,2000,2000,21,0,1,not_estimable,fewer than eight allocation time blocks or one incomplete portfolio block,,
allocation,risk_inputs_neutralized,smart_decomposition,net_mean_log_return,base,market,jp,2,54,,,,,0.94999999999999996,2000,2000,21,0,1,not_estimable,fewer than eight allocation time blocks or one incomplete portfolio block,,
allocation,risk_inputs_neutralized,smart_decomposition,net_information_ratio,base,market,jp,2,54,,,,,0.94999999999999996,2000,2000,21,0,1,not_estimable,fewer than eight allocation time blocks or one incomplete portfolio block,,
allocation,risk_inputs_neutralized,smart_decomposition,net_mean_log_return,base,market,tw,2,53,,,,,0.94999999999999996,2000,2000,21,0,1,not_estimable,fewer than eight allocation time blocks or one incomplete portfolio block,,
allocation,risk_inputs_neutralized,smart_decomposition,net_information_ratio,base,market,tw,2,53,,,,,0.94999999999999996,2000,2000,21,0,1,not_estimable,fewer than eight allocation time blocks or one incomplete portfolio block,,
allocation,risk_inputs_neutralized,smart_decomposition,net_mean_log_return,base,period,early,10,27,-2.9144324669927164e-05,-5.4055450060040366e-05,-4.5800722392129892e-06,0.02498750624687656,0.94999999999999996,2000,2000,21,20,1,estimable,,,0.25747126436781609
allocation,risk_inputs_neutralized,smart_decomposition,net_information_ratio,base,period,early,10,27,-0.028555686022669446,-0.05546810604844301,-0.0039208453744480412,0.033483258370814596,0.94999999999999996,2000,2000,21,20,1,estimable,,,0.28004179728317663
allocation,risk_inputs_neutralized,smart_decomposition,net_mean_log_return,base,period,late,10,28,-3.0986161535355179e-06,-3.7473409145711856e-05,3.0872611793952553e-05,0.91754122938530736,0.94999999999999996,2000,2000,21,20,1,estimable,,,0.95002498750624687
allocation,risk_inputs_neutralized,smart_decomposition,net_information_ratio,base,period,late,10,28,-0.010795500536685765,-0.043074206372804597,0.021367951161469421,0.71464267866066966,0.94999999999999996,2000,2000,21,20,1,estimable,,,0.95002498750624687
allocation,risk_inputs_neutralized,smart_decomposition,net_mean_log_return,base,regime,calm,2,7,,,,,0.94999999999999996,2000,2000,21,0,1,not_estimable,fewer than eight allocation time blocks or one incomplete portfolio block,,
allocation,risk_inputs_neutralized,smart_decomposition,net_information_ratio,base,regime,calm,2,7,,,,,0.94999999999999996,2000,2000,21,0,1,not_estimable,fewer than eight allocation time blocks or one incomplete portfolio block,,
allocation,risk_inputs_neutralized,smart_decomposition,net_mean_log_return,base,regime,normal,6,54,2.3354912807155011e-06,-3.0876078211438655e-05,3.446746060227333e-05,0.90404797601199405,0.94999999999999996,2000,2000,21,12,1,estimable,,,0.95002498750624687
allocation,risk_inputs_neutralized,smart_decomposition,net_information_ratio,base,regime,normal,6,54,0.020798728378443654,-0.011187756910700938,0.052522743005464056,0.21489255372313842,0.94999999999999996,2000,2000,21,12,1,estimable,,,0.69940787182166497
allocation,risk_inputs_neutralized,smart_decomposition,net_mean_log_return,base,regime,stress,8,55,-1.5396597636485859e-05,-4.5180320479144508e-05,1.4447149262857053e-05,0.45127436281859068,0.94999999999999996,2000,2000,21,20,1,estimable,,,0.76683087027914609
allocation,risk_inputs_neutralized,smart_decomposition,net_information_ratio,base,regime,stress,8,55,-0.015128147596582986,-0.040975689895896318,0.011373812741320528,0.46026986506746626,0.94999999999999996,2000,2000,21,20,1,estimable,,,0.76683087027914609
allocation,regime_input_neutralized,smart_decomposition,net_mean_log_return,base,overall,overall,10,55,-6.3455643371963799e-07,-7.3333549687456034e-06,5.6285695837968285e-06,0.85407296351824091,0.94999999999999996,2000,2000,21,30,1,estimable,,,0.95002498750624687
allocation,regime_input_neutralized,smart_decomposition,net_information_ratio,base,overall,overall,10,55,-0.00041227327355042309,-0.0070492836514542603,0.005884742584320919,0.90404797601199405,0.94999999999999996,2000,2000,21,30,1,estimable,,,0.95002498750624687
allocation,regime_input_neutralized,smart_decomposition,net_mean_log_return,base,market,us,2,52,,,,,0.94999999999999996,2000,2000,21,0,1,not_estimable,fewer than eight allocation time blocks or one incomplete portfolio block,,
allocation,regime_input_neutralized,smart_decomposition,net_information_ratio,base,market,us,2,52,,,,,0.94999999999999996,2000,2000,21,0,1,not_estimable,fewer than eight allocation time blocks or one incomplete portfolio block,,
allocation,regime_input_neutralized,smart_decomposition,net_mean_log_return,base,market,hk,2,52,,,,,0.94999999999999996,2000,2000,21,0,1,not_estimable,fewer than eight allocation time blocks or one incomplete portfolio block,,
allocation,regime_input_neutralized,smart_decomposition,net_information_ratio,base,market,hk,2,52,,,,,0.94999999999999996,2000,2000,21,0,1,not_estimable,fewer than eight allocation time blocks or one incomplete portfolio block,,
allocation,regime_input_neutralized,smart_decomposition,net_mean_log_return,base,market,cn,2,54,,,,,0.94999999999999996,2000,2000,21,0,1,not_estimable,fewer than eight allocation time blocks or one incomplete portfolio block,,
allocation,regime_input_neutralized,smart_decomposition,net_information_ratio,base,market,cn,2,54,,,,,0.94999999999999996,2000,2000,21,0,1,not_estimable,fewer than eight allocation time blocks or one incomplete portfolio block,,
allocation,regime_input_neutralized,smart_decomposition,net_mean_log_return,base,market,jp,2,54,,,,,0.94999999999999996,2000,2000,21,0,1,not_estimable,fewer than eight allocation time blocks or one incomplete portfolio block,,
allocation,regime_input_neutralized,smart_decomposition,net_information_ratio,base,market,jp,2,54,,,,,0.94999999999999996,2000,2000,21,0,1,not_estimable,fewer than eight allocation time blocks or one incomplete portfolio block,,
allocation,regime_input_neutralized,smart_decomposition,net_mean_log_return,base,market,tw,2,53,,,,,0.94999999999999996,2000,2000,21,0,1,not_estimable,fewer than eight allocation time blocks or one incomplete portfolio block,,
allocation,regime_input_neutralized,smart_decomposition,net_information_ratio,base,market,tw,2,53,,,,,0.94999999999999996,2000,2000,21,0,1,not_estimable,fewer than eight allocation time blocks or one incomplete portfolio block,,
allocation,regime_input_neutralized,smart_decomposition,net_mean_log_return,base,period,early,10,27,4.1829674055336458e-06,-2.155660826553987e-06,1.0605937498281862e-05,0.36781609195402298,0.94999999999999996,2000,2000,21,20,1,estimable,,,0.72291513817559294
allocation,regime_input_neutralized,smart_decomposition,net_information_ratio,base,period,early,10,27,0.004051633176541336,-0.0023333390512256399,0.010993233351066009,0.40579710144927539,0.94999999999999996,2000,2000,21,20,1,estimable,,,0.76045977011494259
allocation,regime_input_neutralized,smart_decomposition,net_mean_log_return,base,period,late,10,28,-5.2041194871287142e-06,-1.2832778178666682e-05,2.1297654918329508e-06,0.37731134432783608,0.94999999999999996,2000,2000,21,20,1,estimable,,,0.72318007662835249
allocation,regime_input_neutralized,smart_decomposition,net_information_ratio,base,period,late,10,28,-0.004553325433205746,-0.012397121411846169,0.0029943643492501976,0.50124937531234381,0.94999999999999996,2000,2000,21,20,1,estimable,,,0.78394700954607444
allocation,regime_input_neutralized,smart_decomposition,net_mean_log_return,base,regime,calm,2,7,,,,,0.94999999999999996,2000,2000,21,0,1,not_estimable,fewer than eight allocation time blocks or one incomplete portfolio block,,
allocation,regime_input_neutralized,smart_decomposition,net_information_ratio,base,regime,calm,2,7,,,,,0.94999999999999996,2000,2000,21,0,1,not_estimable,fewer than eight allocation time blocks or one incomplete portfolio block,,
allocation,regime_input_neutralized,smart_decomposition,net_mean_log_return,base,regime,normal,6,54,4.087149249609799e-06,-8.9754561225429714e-07,9.2088235937183188e-06,0.49875062468765619,0.94999999999999996,2000,2000,21,12,1,estimable,,,0.78394700954607444
allocation,regime_input_neutralized,smart_decomposition,net_information_ratio,base,regime,normal,6,54,0.0044906839095657514,-0.00054378594412337559,0.0096456106670140089,0.31334332833583206,0.94999999999999996,2000,2000,21,12,1,estimable,,,0.7178683385579937
allocation,regime_input_neutralized,smart_decomposition,net_mean_log_return,base,regime,stress,8,55,-8.4106272254603001e-07,-9.9193130518445665e-06,7.9147471692395334e-06,0.85557221389305349,0.94999999999999996,2000,2000,21,20,1,estimable,,,0.95002498750624687
allocation,regime_input_neutralized,smart_decomposition,net_information_ratio,base,regime,stress,8,55,-0.00052862365202366313,-0.0090843480604858133,0.0080577344573786354,0.90804597701149425,0.94999999999999996,2000,2000,21,20,1,estimable,,,0.95002498750624687
allocation,anomaly_input_neutralized,smart_decomposition,net_mean_log_return,base,overall,overall,10,55,4.2867340238074945e-07,-4.75781685548462e-06,5.5191808671928726e-06,0.85907046476761617,0.94999999999999996,2000,2000,21,30,1,estimable,,,0.95002498750624687
allocation,anomaly_input_neutralized,smart_decomposition,net_information_ratio,base,overall,overall,10,55,0.00053711369727182934,-0.0047631459170641936,0.0056912915788950589,0.83508245877061471,0.94999999999999996,2000,2000,21,30,1,estimable,,,0.95002498750624687
allocation,anomaly_input_neutralized,smart_decomposition,net_mean_log_return,base,market,us,2,52,,,,,0.94999999999999996,2000,2000,21,0,1,not_estimable,fewer than eight allocation time blocks or one incomplete portfolio block,,
allocation,anomaly_input_neutralized,smart_decomposition,net_information_ratio,base,market,us,2,52,,,,,0.94999999999999996,2000,2000,21,0,1,not_estimable,fewer than eight allocation time blocks or one incomplete portfolio block,,
allocation,anomaly_input_neutralized,smart_decomposition,net_mean_log_return,base,market,hk,2,52,,,,,0.94999999999999996,2000,2000,21,0,1,not_estimable,fewer than eight allocation time blocks or one incomplete portfolio block,,
allocation,anomaly_input_neutralized,smart_decomposition,net_information_ratio,base,market,hk,2,52,,,,,0.94999999999999996,2000,2000,21,0,1,not_estimable,fewer than eight allocation time blocks or one incomplete portfolio block,,
allocation,anomaly_input_neutralized,smart_decomposition,net_mean_log_return,base,market,cn,2,54,,,,,0.94999999999999996,2000,2000,21,0,1,not_estimable,fewer than eight allocation time blocks or one incomplete portfolio block,,
allocation,anomaly_input_neutralized,smart_decomposition,net_information_ratio,base,market,cn,2,54,,,,,0.94999999999999996,2000,2000,21,0,1,not_estimable,fewer than eight allocation time blocks or one incomplete portfolio block,,
allocation,anomaly_input_neutralized,smart_decomposition,net_mean_log_return,base,market,jp,2,54,,,,,0.94999999999999996,2000,2000,21,0,1,not_estimable,fewer than eight allocation time blocks or one incomplete portfolio block,,
allocation,anomaly_input_neutralized,smart_decomposition,net_information_ratio,base,market,jp,2,54,,,,,0.94999999999999996,2000,2000,21,0,1,not_estimable,fewer than eight allocation time blocks or one incomplete portfolio block,,
allocation,anomaly_input_neutralized,smart_decomposition,net_mean_log_return,base,market,tw,2,53,,,,,0.94999999999999996,2000,2000,21,0,1,not_estimable,fewer than eight allocation time blocks or one incomplete portfolio block,,
allocation,anomaly_input_neutralized,smart_decomposition,net_information_ratio,base,market,tw,2,53,,,,,0.94999999999999996,2000,2000,21,0,1,not_estimable,fewer than eight allocation time blocks or one incomplete portfolio block,,
allocation,anomaly_input_neutralized,smart_decomposition,net_mean_log_return,base,period,early,10,27,5.4456296897105027e-06,-3.9567660925761161e-07,1.1241180197904612e-05,0.2318840579710145,0.94999999999999996,2000,2000,21,20,1,estimable,,,0.69940787182166497
allocation,anomaly_input_neutralized,smart_decomposition,net_information_ratio,base,period,early,10,27,0.0053620147017511277,-0.00053915826726913117,0.011788607804768307,0.25087456271864067,0.94999999999999996,2000,2000,21,20,1,estimable,,,0.69940787182166497
allocation,anomaly_input_neutralized,smart_decomposition,net_mean_log_return,base,period,late,10,28,-4.3300571936893267e-06,-9.4343879641031921e-06,7.4693928465108001e-07,0.36081959020489757,0.94999999999999996,2000,2000,21,20,1,estimable,,,0.72291513817559294
allocation,anomaly_input_neutralized,smart_decomposition,net_information_ratio,base,period,late,10,28,-0.0040576145358350857,-0.0093372970228520098,0.0012966083690596592,0.46576711644177909,0.94999999999999996,2000,2000,21,20,1,estimable,,,0.76683087027914609
allocation,anomaly_input_neutralized,smart_decomposition,net_mean_log_return,base,regime,calm,2,7,,,,,0.94999999999999996,2000,2000,21,0,1,not_estimable,fewer than eight allocation time blocks or one incomplete portfolio block,,
allocation,anomaly_input_neutralized,smart_decomposition,net_information_ratio,base,regime,calm,2,7,,,,,0.94999999999999996,2000,2000,21,0,1,not_estimable,fewer than eight allocation time blocks or one incomplete portfolio block,,
allocation,anomaly_input_neutralized,smart_decomposition,net_mean_log_return,base,regime,normal,6,54,2.6898507606761555e-06,-2.2420550382878101e-07,5.6941074370378234e-06,0.46676661669165415,0.94999999999999996,2000,2000,21,12,1,estimable,,,0.76683087027914609
allocation,anomaly_input_neutralized,smart_decomposition,net_information_ratio,base,regime,normal,6,54,0.00276772626378885,-0.0001445504388082071,0.0058396108150309579,0.29285357321339328,0.94999999999999996,2000,2000,21,12,1,estimable,,,0.7178683385579937
allocation,anomaly_input_neutralized,smart_decomposition,net_mean_log_return,base,regime,stress,8,55,5.8806476749707209e-07,-6.9067503401465066e-06,8.0883377181630335e-06,0.895552223888056,0.94999999999999996,2000,2000,21,20,1,estimable,,,0.95002498750624687
allocation,anomaly_input_neutralized,smart_decomposition,net_information_ratio,base,regime,stress,8,55,0.00058730278121110757,-0.0065512338934778031,0.0079892714628548959,0.87906046976511742,0.94999999999999996,2000,2000,21,20,1,estimable,,,0.95002498750624687
allocation,fixed_weight_bounds,smart_decomposition,net_mean_log_return,base,overall,overall,10,55,2.1852572324634455e-06,-8.8162891587037459e-06,1.3515352467703094e-05,0.77661169415292353,0.94999999999999996,2000,2000,21,30,1,estimable,,,0.95002498750624687
allocation,fixed_weight_bounds,smart_decomposition,net_information_ratio,base,overall,overall,10,55,0.0030139024712161344,-0.0073324377958226376,0.013848411093359728,0.65917041479260374,0.94999999999999996,2000,2000,21,30,1,estimable,,,0.93532338308457708
allocation,fixed_weight_bounds,smart_decomposition,net_mean_log_return,base,market,us,2,52,,,,,0.94999999999999996,2000,2000,21,0,1,not_estimable,fewer than eight allocation time blocks or one incomplete portfolio block,,
allocation,fixed_weight_bounds,smart_decomposition,net_information_ratio,base,market,us,2,52,,,,,0.94999999999999996,2000,2000,21,0,1,not_estimable,fewer than eight allocation time blocks or one incomplete portfolio block,,
allocation,fixed_weight_bounds,smart_decomposition,net_mean_log_return,base,market,hk,2,52,,,,,0.94999999999999996,2000,2000,21,0,1,not_estimable,fewer than eight allocation time blocks or one incomplete portfolio block,,
allocation,fixed_weight_bounds,smart_decomposition,net_information_ratio,base,market,hk,2,52,,,,,0.94999999999999996,2000,2000,21,0,1,not_estimable,fewer than eight allocation time blocks or one incomplete portfolio block,,
allocation,fixed_weight_bounds,smart_decomposition,net_mean_log_return,base,market,cn,2,54,,,,,0.94999999999999996,2000,2000,21,0,1,not_estimable,fewer than eight allocation time blocks or one incomplete portfolio block,,
allocation,fixed_weight_bounds,smart_decomposition,net_information_ratio,base,market,cn,2,54,,,,,0.94999999999999996,2000,2000,21,0,1,not_estimable,fewer than eight allocation time blocks or one incomplete portfolio block,,
allocation,fixed_weight_bounds,smart_decomposition,net_mean_log_return,base,market,jp,2,54,,,,,0.94999999999999996,2000,2000,21,0,1,not_estimable,fewer than eight allocation time blocks or one incomplete portfolio block,,
allocation,fixed_weight_bounds,smart_decomposition,net_information_ratio,base,market,jp,2,54,,,,,0.94999999999999996,2000,2000,21,0,1,not_estimable,fewer than eight allocation time blocks or one incomplete portfolio block,,
allocation,fixed_weight_bounds,smart_decomposition,net_mean_log_return,base,market,tw,2,53,,,,,0.94999999999999996,2000,2000,21,0,1,not_estimable,fewer than eight allocation time blocks or one incomplete portfolio block,,
allocation,fixed_weight_bounds,smart_decomposition,net_information_ratio,base,market,tw,2,53,,,,,0.94999999999999996,2000,2000,21,0,1,not_estimable,fewer than eight allocation time blocks or one incomplete portfolio block,,
allocation,fixed_weight_bounds,smart_decomposition,net_mean_log_return,base,period,early,10,27,7.6768405149590371e-06,7.7463288513664836e-07,1.4197483652947544e-05,0.24987506246876562,0.94999999999999996,2000,2000,21,20,1,estimable,,,0.69940787182166497
allocation,fixed_weight_bounds,smart_decomposition,net_information_ratio,base,period,early,10,27,0.0079448534524989567,0.00093547058260472736,0.01507857226596622,0.223888055972014,0.94999999999999996,2000,2000,21,20,1,estimable,,,0.69940787182166497
allocation,fixed_weight_bounds,smart_decomposition,net_mean_log_return,base,period,late,10,28,-3.0236710281388718e-06,-1.8621829137517481e-05,1.341412606046923e-05,0.77761119440279858,0.94999999999999996,2000,2000,21,20,1,estimable,,,0.95002498750624687
allocation,fixed_weight_bounds,smart_decomposition,net_information_ratio,base,period,late,10,28,0.0016218386748554359,-0.012859185906358277,0.016695132008552462,0.84507746126936534,0.94999999999999996,2000,2000,21,20,1,estimable,,,0.95002498750624687
allocation,fixed_weight_bounds,smart_decomposition,net_mean_log_return,base,regime,calm,2,7,,,,,0.94999999999999996,2000,2000,21,0,1,not_estimable,fewer than eight allocation time blocks or one incomplete portfolio block,,
allocation,fixed_weight_bounds,smart_decomposition,net_information_ratio,base,regime,calm,2,7,,,,,0.94999999999999996,2000,2000,21,0,1,not_estimable,fewer than eight allocation time blocks or one incomplete portfolio block,,
allocation,fixed_weight_bounds,smart_decomposition,net_mean_log_return,base,regime,normal,6,54,-2.303645373607691e-05,-3.1721320098122057e-05,-1.5269976878030046e-05,0.015492253873063468,0.94999999999999996,2000,2000,21,12,1,estimable,,,0.25747126436781609
allocation,fixed_weight_bounds,smart_decomposition,net_information_ratio,base,regime,normal,6,54,-0.024345009171557352,-0.033819172911239467,-0.015485613789398743,0.015492253873063468,0.94999999999999996,2000,2000,21,12,1,estimable,,,0.25747126436781609
allocation,fixed_weight_bounds,smart_decomposition,net_mean_log_return,base,regime,stress,8,55,1.3139570627742876e-05,-3.6916844752301252e-06,2.9332296902514099e-05,0.30534732633683159,0.94999999999999996,2000,2000,21,20,1,estimable,,,0.7178683385579937
allocation,fixed_weight_bounds,smart_decomposition,net_information_ratio,base,regime,stress,8,55,0.015663119646722734,0.0023527930336537895,0.028245510732663737,0.10494752623688156,0.94999999999999996,2000,2000,21,20,1,estimable,,,0.53639846743295017
allocation,fixed_turnover_penalty,smart_decomposition,net_mean_log_return,base,overall,overall,10,55,-1.3268385501754524e-05,-2.5082080740391564e-05,-2.2609305523052428e-06,0.026486756621689155,0.94999999999999996,2000,2000,21,30,1,estimable,,,0.25747126436781609
allocation,fixed_turnover_penalty,smart_decomposition,net_information_ratio,base,overall,overall,10,55,-0.01272377906182709,-0.024475420941987468,-0.0010523055319145969,0.047976011994002997,0.94999999999999996,2000,2000,21,30,1,estimable,,,0.3251231527093596
allocation,fixed_turnover_penalty,smart_decomposition,net_mean_log_return,base,market,us,2,52,,,,,0.94999999999999996,2000,2000,21,0,1,not_estimable,fewer than eight allocation time blocks or one incomplete portfolio block,,
allocation,fixed_turnover_penalty,smart_decomposition,net_information_ratio,base,market,us,2,52,,,,,0.94999999999999996,2000,2000,21,0,1,not_estimable,fewer than eight allocation time blocks or one incomplete portfolio block,,
allocation,fixed_turnover_penalty,smart_decomposition,net_mean_log_return,base,market,hk,2,52,,,,,0.94999999999999996,2000,2000,21,0,1,not_estimable,fewer than eight allocation time blocks or one incomplete portfolio block,,
allocation,fixed_turnover_penalty,smart_decomposition,net_information_ratio,base,market,hk,2,52,,,,,0.94999999999999996,2000,2000,21,0,1,not_estimable,fewer than eight allocation time blocks or one incomplete portfolio block,,
allocation,fixed_turnover_penalty,smart_decomposition,net_mean_log_return,base,market,cn,2,54,,,,,0.94999999999999996,2000,2000,21,0,1,not_estimable,fewer than eight allocation time blocks or one incomplete portfolio block,,
allocation,fixed_turnover_penalty,smart_decomposition,net_information_ratio,base,market,cn,2,54,,,,,0.94999999999999996,2000,2000,21,0,1,not_estimable,fewer than eight allocation time blocks or one incomplete portfolio block,,
allocation,fixed_turnover_penalty,smart_decomposition,net_mean_log_return,base,market,jp,2,54,,,,,0.94999999999999996,2000,2000,21,0,1,not_estimable,fewer than eight allocation time blocks or one incomplete portfolio block,,
allocation,fixed_turnover_penalty,smart_decomposition,net_information_ratio,base,market,jp,2,54,,,,,0.94999999999999996,2000,2000,21,0,1,not_estimable,fewer than eight allocation time blocks or one incomplete portfolio block,,
allocation,fixed_turnover_penalty,smart_decomposition,net_mean_log_return,base,market,tw,2,53,,,,,0.94999999999999996,2000,2000,21,0,1,not_estimable,fewer than eight allocation time blocks or one incomplete portfolio block,,
allocation,fixed_turnover_penalty,smart_decomposition,net_information_ratio,base,market,tw,2,53,,,,,0.94999999999999996,2000,2000,21,0,1,not_estimable,fewer than eight allocation time blocks or one incomplete portfolio block,,
allocation,fixed_turnover_penalty,smart_decomposition,net_mean_log_return,base,period,early,10,27,-1.9232124975029018e-05,-3.4524480447443836e-05,-4.2846082079108317e-06,0.016491754122938532,0.94999999999999996,2000,2000,21,20,1,estimable,,,0.25747126436781609
allocation,fixed_turnover_penalty,smart_decomposition,net_information_ratio,base,period,early,10,27,-0.018223067845792085,-0.034234048830325034,-0.0031965642238647504,0.023988005997001498,0.94999999999999996,2000,2000,21,20,1,estimable,,,0.25747126436781609
allocation,fixed_turnover_penalty,smart_decomposition,net_mean_log_return,base,period,late,10,28,-7.6116032072513252e-06,-1.7022168143385612e-05,1.950255774152408e-06,0.54722638680659674,0.94999999999999996,2000,2000,21,20,1,estimable,,,0.83908045977011503
allocation,fixed_turnover_penalty,smart_decomposition,net_information_ratio,base,period,late,10,28,-0.0028636340072867306,-0.011706101597737866,0.0068028021622936596,0.93853073463268366,0.94999999999999996,2000,2000,21,20,1,estimable,,,0.95002498750624687
allocation,fixed_turnover_penalty,smart_decomposition,net_mean_log_return,base,regime,calm,2,7,,,,,0.94999999999999996,2000,2000,21,0,1,not_estimable,fewer than eight allocation time blocks or one incomplete portfolio block,,
allocation,fixed_turnover_penalty,smart_decomposition,net_information_ratio,base,regime,calm,2,7,,,,,0.94999999999999996,2000,2000,21,0,1,not_estimable,fewer than eight allocation time blocks or one incomplete portfolio block,,
allocation,fixed_turnover_penalty,smart_decomposition,net_mean_log_return,base,regime,normal,6,54,-2.4228863145173011e-06,-1.9880438936775045e-05,1.4380650552559562e-05,0.82208895552223893,0.94999999999999996,2000,2000,21,12,1,estimable,,,0.95002498750624687
allocation,fixed_turnover_penalty,smart_decomposition,net_information_ratio,base,regime,normal,6,54,0.0067634668821405786,-0.0084900964818128092,0.023709154807886188,0.30284857571214391,0.94999999999999996,2000,2000,21,12,1,estimable,,,0.7178683385579937
allocation,fixed_turnover_penalty,smart_decomposition,net_mean_log_return,base,regime,stress,8,55,-1.6162909658178765e-05,-2.9928192840530235e-05,-3.3020743227715677e-06,0.011994002998500749,0.94999999999999996,2000,2000,21,20,1,estimable,,,0.25747126436781609
allocation,fixed_turnover_penalty,smart_decomposition,net_information_ratio,base,regime,stress,8,55,-0.01110905634947823,-0.024626557492982933,0.0026878632200717867,0.14192903548225888,0.94999999999999996,2000,2000,21,20,1,estimable,,,0.65287356321839085
allocation,fixed_concentration_penalty,smart_decomposition,net_mean_log_return,base,overall,overall,10,55,-1.537404256448608e-05,-2.5584348648822592e-05,-5.5158727399796295e-06,0.021989005497251374,0.94999999999999996,2000,2000,21,30,1,estimable,,,0.25747126436781609
allocation,fixed_concentration_penalty,smart_decomposition,net_information_ratio,base,overall,overall,10,55,-0.014598470207722203,-0.024669676685396422,-0.0045319409583368057,0.02798600699650175,0.94999999999999996,2000,2000,21,30,1,estimable,,,0.25747126436781609
allocation,fixed_concentration_penalty,smart_decomposition,net_mean_log_return,base,market,us,2,52,,,,,0.94999999999999996,2000,2000,21,0,1,not_estimable,fewer than eight allocation time blocks or one incomplete portfolio block,,
allocation,fixed_concentration_penalty,smart_decomposition,net_information_ratio,base,market,us,2,52,,,,,0.94999999999999996,2000,2000,21,0,1,not_estimable,fewer than eight allocation time blocks or one incomplete portfolio block,,
allocation,fixed_concentration_penalty,smart_decomposition,net_mean_log_return,base,market,hk,2,52,,,,,0.94999999999999996,2000,2000,21,0,1,not_estimable,fewer than eight allocation time blocks or one incomplete portfolio block,,
allocation,fixed_concentration_penalty,smart_decomposition,net_information_ratio,base,market,hk,2,52,,,,,0.94999999999999996,2000,2000,21,0,1,not_estimable,fewer than eight allocation time blocks or one incomplete portfolio block,,
allocation,fixed_concentration_penalty,smart_decomposition,net_mean_log_return,base,market,cn,2,54,,,,,0.94999999999999996,2000,2000,21,0,1,not_estimable,fewer than eight allocation time blocks or one incomplete portfolio block,,
allocation,fixed_concentration_penalty,smart_decomposition,net_information_ratio,base,market,cn,2,54,,,,,0.94999999999999996,2000,2000,21,0,1,not_estimable,fewer than eight allocation time blocks or one incomplete portfolio block,,
allocation,fixed_concentration_penalty,smart_decomposition,net_mean_log_return,base,market,jp,2,54,,,,,0.94999999999999996,2000,2000,21,0,1,not_estimable,fewer than eight allocation time blocks or one incomplete portfolio block,,
allocation,fixed_concentration_penalty,smart_decomposition,net_information_ratio,base,market,jp,2,54,,,,,0.94999999999999996,2000,2000,21,0,1,not_estimable,fewer than eight allocation time blocks or one incomplete portfolio block,,
allocation,fixed_concentration_penalty,smart_decomposition,net_mean_log_return,base,market,tw,2,53,,,,,0.94999999999999996,2000,2000,21,0,1,not_estimable,fewer than eight allocation time blocks or one incomplete portfolio block,,
allocation,fixed_concentration_penalty,smart_decomposition,net_information_ratio,base,market,tw,2,53,,,,,0.94999999999999996,2000,2000,21,0,1,not_estimable,fewer than eight allocation time blocks or one incomplete portfolio block,,
allocation,fixed_concentration_penalty,smart_decomposition,net_mean_log_return,base,period,early,10,27,-1.6554396405199035e-05,-3.1293293118712015e-05,-9.8900580735316972e-07,0.18940529735132433,0.94999999999999996,2000,2000,21,20,1,estimable,,,0.69940787182166497
allocation,fixed_concentration_penalty,smart_decomposition,net_information_ratio,base,period,early,10,27,-0.016371101012928491,-0.031719690780988137,-6.6067571826279039e-05,0.21989005497251374,0.94999999999999996,2000,2000,21,20,1,estimable,,,0.69940787182166497
allocation,fixed_concentration_penalty,smart_decomposition,net_mean_log_return,base,period,late,10,28,-1.4254442230280827e-05,-2.3979064982644528e-05,-4.2492496629235851e-06,0.046476761619190406,0.94999999999999996,2000,2000,21,20,1,estimable,,,0.3251231527093596
allocation,fixed_concentration_penalty,smart_decomposition,net_information_ratio,base,period,late,10,28,-0.010619353068889836,-0.019711987221445539,-0.0006959772104449634,0.22638680659670166,0.94999999999999996,2000,2000,21,20,1,estimable,,,0.69940787182166497
allocation,fixed_concentration_penalty,smart_decomposition,net_mean_log_return,base,regime,calm,2,7,,,,,0.94999999999999996,2000,2000,21,0,1,not_estimable,fewer than eight allocation time blocks or one incomplete portfolio block,,
allocation,fixed_concentration_penalty,smart_decomposition,net_information_ratio,base,regime,calm,2,7,,,,,0.94999999999999996,2000,2000,21,0,1,not_estimable,fewer than eight allocation time blocks or one incomplete portfolio block,,
allocation,fixed_concentration_penalty,smart_decomposition,net_mean_log_return,base,regime,normal,6,54,-1.1012527411235801e-05,-2.2378846654174708e-05,9.2536898236255307e-07,0.049475262368815595,0.94999999999999996,2000,2000,21,12,1,estimable,,,0.3251231527093596
allocation,fixed_concentration_penalty,smart_decomposition,net_information_ratio,base,regime,normal,6,54,-0.0068821253418167583,-0.018325038418168571,0.0048217791174245943,0.2433783108445777,0.94999999999999996,2000,2000,21,12,1,estimable,,,0.69940787182166497
allocation,fixed_concentration_penalty,smart_decomposition,net_mean_log_return,base,regime,stress,8,55,-1.7399086562730698e-05,-3.1196513548003463e-05,-3.4640670755352775e-06,0.093953023488255877,0.94999999999999996,2000,2000,21,20,1,estimable,,,0.50845165652467894
allocation,fixed_concentration_penalty,smart_decomposition,net_information_ratio,base,regime,stress,8,55,-0.012700021934599848,-0.025604347424156123,0.0014483191747321352,0.18790604697651175,0.94999999999999996,2000,2000,21,20,1,estimable,,,0.69940787182166497
