analysis,model_or_variant,metric,slice_type,slice_value,planned_repeats,successful_repeats,unique_dates,positive_events,portfolio_count,estimate,ci_low,ci_high,p_value,confidence_level,bootstrap_replicates,randomization_replicates,block_length,block_count,repeat_count,status,failure_reason,holm_adjusted_p_value,bh_adjusted_p_value
warning,xgboost_retrained_comparator,average_precision,overall,overall,5,5,54,50,10,-0.0046850507773970318,-0.0091469625870842734,0.00046158066336620486,0.039480259870064968,0.94999999999999996,2000,2000,20,15,5,estimable,,1,
warning,xgboost_retrained_comparator,brier_score,overall,overall,5,5,54,50,10,8.6882883998662397e-06,-0.00013728486502541485,0.00012562379239163012,0.86456771614192907,0.94999999999999996,2000,2000,20,15,5,estimable,,1,
warning,xgboost_retrained_comparator,recall_at_frozen_threshold,overall,overall,5,5,54,50,10,-0.024,-0.061676560134709908,0.020763047866205295,0.25787106446776614,0.94999999999999996,2000,2000,20,15,5,estimable,,1,
warning,xgboost_retrained_comparator,average_precision,market,us,5,5,51,11,2,,,,,0.94999999999999996,2000,2000,20,0,5,not_estimable,fewer than 20 positive events,,
warning,xgboost_retrained_comparator,brier_score,market,us,5,5,51,11,2,,,,,0.94999999999999996,2000,2000,20,0,5,not_estimable,fewer than 20 positive events,,
warning,xgboost_retrained_comparator,recall_at_frozen_threshold,market,us,5,5,51,11,2,,,,,0.94999999999999996,2000,2000,20,0,5,not_estimable,fewer than 20 positive events,,
warning,xgboost_retrained_comparator,average_precision,market,hk,5,5,51,7,2,,,,,0.94999999999999996,2000,2000,20,0,5,not_estimable,fewer than 20 positive events,,
warning,xgboost_retrained_comparator,brier_score,market,hk,5,5,51,7,2,,,,,0.94999999999999996,2000,2000,20,0,5,not_estimable,fewer than 20 positive events,,
warning,xgboost_retrained_comparator,recall_at_frozen_threshold,market,hk,5,5,51,7,2,,,,,0.94999999999999996,2000,2000,20,0,5,not_estimable,fewer than 20 positive events,,
warning,xgboost_retrained_comparator,average_precision,market,cn,5,5,53,13,2,,,,,0.94999999999999996,2000,2000,20,0,5,not_estimable,fewer than 20 positive events,,
warning,xgboost_retrained_comparator,brier_score,market,cn,5,5,53,13,2,,,,,0.94999999999999996,2000,2000,20,0,5,not_estimable,fewer than 20 positive events,,
warning,xgboost_retrained_comparator,recall_at_frozen_threshold,market,cn,5,5,53,13,2,,,,,0.94999999999999996,2000,2000,20,0,5,not_estimable,fewer than 20 positive events,,
warning,xgboost_retrained_comparator,average_precision,market,jp,5,5,53,3,2,,,,,0.94999999999999996,2000,2000,20,0,5,not_estimable,fewer than 20 positive events,,
warning,xgboost_retrained_comparator,brier_score,market,jp,5,5,53,3,2,,,,,0.94999999999999996,2000,2000,20,0,5,not_estimable,fewer than 20 positive events,,
warning,xgboost_retrained_comparator,recall_at_frozen_threshold,market,jp,5,5,53,3,2,,,,,0.94999999999999996,2000,2000,20,0,5,not_estimable,fewer than 20 positive events,,
warning,xgboost_retrained_comparator,average_precision,market,tw,5,5,53,16,2,,,,,0.94999999999999996,2000,2000,20,0,5,not_estimable,fewer than 20 positive events,,
warning,xgboost_retrained_comparator,brier_score,market,tw,5,5,53,16,2,,,,,0.94999999999999996,2000,2000,20,0,5,not_estimable,fewer than 20 positive events,,
warning,xgboost_retrained_comparator,recall_at_frozen_threshold,market,tw,5,5,53,16,2,,,,,0.94999999999999996,2000,2000,20,0,5,not_estimable,fewer than 20 positive events,,
warning,xgboost_retrained_comparator,average_precision,period,early,5,5,27,32,10,,,,,0.94999999999999996,2000,2000,20,0,5,not_estimable,fewer than 40 unique dates,,
warning,xgboost_retrained_comparator,brier_score,period,early,5,5,27,32,10,,,,,0.94999999999999996,2000,2000,20,0,5,not_estimable,fewer than 40 unique dates,,
warning,xgboost_retrained_comparator,recall_at_frozen_threshold,period,early,5,5,27,32,10,,,,,0.94999999999999996,2000,2000,20,0,5,not_estimable,fewer than 40 unique dates,,
warning,xgboost_retrained_comparator,average_precision,period,late,5,5,27,18,10,,,,,0.94999999999999996,2000,2000,20,0,5,not_estimable,fewer than 40 unique dates,,
warning,xgboost_retrained_comparator,brier_score,period,late,5,5,27,18,10,,,,,0.94999999999999996,2000,2000,20,0,5,not_estimable,fewer than 40 unique dates,,
warning,xgboost_retrained_comparator,recall_at_frozen_threshold,period,late,5,5,27,18,10,,,,,0.94999999999999996,2000,2000,20,0,5,not_estimable,fewer than 40 unique dates,,
warning,xgboost_retrained_comparator,average_precision,regime,calm,5,5,7,2,2,,,,,0.94999999999999996,2000,2000,20,0,5,not_estimable,fewer than 40 unique dates,,
warning,xgboost_retrained_comparator,brier_score,regime,calm,5,5,7,2,2,,,,,0.94999999999999996,2000,2000,20,0,5,not_estimable,fewer than 40 unique dates,,
warning,xgboost_retrained_comparator,recall_at_frozen_threshold,regime,calm,5,5,7,2,2,,,,,0.94999999999999996,2000,2000,20,0,5,not_estimable,fewer than 40 unique dates,,
warning,xgboost_retrained_comparator,average_precision,regime,normal,5,5,53,21,6,-0.0032786730679289777,-0.0063088762295243125,0.0048907334576676108,0.042478760619690158,0.94999999999999996,2000,2000,20,15,5,estimable,,,0.28365817091454271
warning,xgboost_retrained_comparator,brier_score,regime,normal,5,5,53,21,6,-0.0001617289608307898,-0.00038892485303103239,3.1047599665447096e-05,0.16641679160419789,0.94999999999999996,2000,2000,20,15,5,estimable,,,0.7476261869065467
warning,xgboost_retrained_comparator,recall_at_frozen_threshold,regime,normal,5,5,53,21,6,0,0,0,1,0.94999999999999996,2000,2000,20,15,5,estimable,,,1
warning,xgboost_retrained_comparator,average_precision,regime,stress,5,5,54,27,8,-0.010648944785145636,-0.017002065748223875,-0.0016028832795875151,0.014492753623188406,0.94999999999999996,2000,2000,20,15,5,estimable,,,0.15942028985507248
warning,xgboost_retrained_comparator,brier_score,regime,stress,5,5,54,27,8,0.00014950773121774619,-1.8809841189310403e-05,0.00031682036020324044,0.042978510744627683,0.94999999999999996,2000,2000,20,15,5,estimable,,,0.28365817091454271
warning,xgboost_retrained_comparator,recall_at_frozen_threshold,regime,stress,5,5,54,27,8,-0.044444444444444439,-0.11594526397515525,0.037608333811628224,0.25787106446776614,0.94999999999999996,2000,2000,20,15,5,estimable,,,0.7476261869065467
warning,logistic_regression,average_precision,overall,overall,1,1,54,50,10,-0.032496086400877991,-0.056652623344872879,-0.0040788172157004629,0.27186406796601698,0.94999999999999996,2000,2000,20,3,1,estimable,,1,
warning,logistic_regression,brier_score,overall,overall,1,1,54,50,10,0.0020281295140590627,0.00026392191766745236,0.0039023270415354076,0.27186406796601698,0.94999999999999996,2000,2000,20,3,1,estimable,,1,
warning,logistic_regression,recall_at_frozen_threshold,overall,overall,1,1,54,50,10,-0.080000000000000002,-0.14999999999999999,0,0.52023988005997002,0.94999999999999996,2000,2000,20,3,1,estimable,,1,
warning,logistic_regression,average_precision,market,us,1,1,51,11,2,,,,,0.94999999999999996,2000,2000,20,0,1,not_estimable,fewer than 20 positive events,,
warning,logistic_regression,brier_score,market,us,1,1,51,11,2,,,,,0.94999999999999996,2000,2000,20,0,1,not_estimable,fewer than 20 positive events,,
warning,logistic_regression,recall_at_frozen_threshold,market,us,1,1,51,11,2,,,,,0.94999999999999996,2000,2000,20,0,1,not_estimable,fewer than 20 positive events,,
warning,logistic_regression,average_precision,market,hk,1,1,51,7,2,,,,,0.94999999999999996,2000,2000,20,0,1,not_estimable,fewer than 20 positive events,,
warning,logistic_regression,brier_score,market,hk,1,1,51,7,2,,,,,0.94999999999999996,2000,2000,20,0,1,not_estimable,fewer than 20 positive events,,
warning,logistic_regression,recall_at_frozen_threshold,market,hk,1,1,51,7,2,,,,,0.94999999999999996,2000,2000,20,0,1,not_estimable,fewer than 20 positive events,,
warning,logistic_regression,average_precision,market,cn,1,1,53,13,2,,,,,0.94999999999999996,2000,2000,20,0,1,not_estimable,fewer than 20 positive events,,
warning,logistic_regression,brier_score,market,cn,1,1,53,13,2,,,,,0.94999999999999996,2000,2000,20,0,1,not_estimable,fewer than 20 positive events,,
warning,logistic_regression,recall_at_frozen_threshold,market,cn,1,1,53,13,2,,,,,0.94999999999999996,2000,2000,20,0,1,not_estimable,fewer than 20 positive events,,
warning,logistic_regression,average_precision,market,jp,1,1,53,3,2,,,,,0.94999999999999996,2000,2000,20,0,1,not_estimable,fewer than 20 positive events,,
warning,logistic_regression,brier_score,market,jp,1,1,53,3,2,,,,,0.94999999999999996,2000,2000,20,0,1,not_estimable,fewer than 20 positive events,,
warning,logistic_regression,recall_at_frozen_threshold,market,jp,1,1,53,3,2,,,,,0.94999999999999996,2000,2000,20,0,1,not_estimable,fewer than 20 positive events,,
warning,logistic_regression,average_precision,market,tw,1,1,53,16,2,,,,,0.94999999999999996,2000,2000,20,0,1,not_estimable,fewer than 20 positive events,,
warning,logistic_regression,brier_score,market,tw,1,1,53,16,2,,,,,0.94999999999999996,2000,2000,20,0,1,not_estimable,fewer than 20 positive events,,
warning,logistic_regression,recall_at_frozen_threshold,market,tw,1,1,53,16,2,,,,,0.94999999999999996,2000,2000,20,0,1,not_estimable,fewer than 20 positive events,,
warning,logistic_regression,average_precision,period,early,1,1,27,32,10,,,,,0.94999999999999996,2000,2000,20,0,1,not_estimable,fewer than 40 unique dates,,
warning,logistic_regression,brier_score,period,early,1,1,27,32,10,,,,,0.94999999999999996,2000,2000,20,0,1,not_estimable,fewer than 40 unique dates,,
warning,logistic_regression,recall_at_frozen_threshold,period,early,1,1,27,32,10,,,,,0.94999999999999996,2000,2000,20,0,1,not_estimable,fewer than 40 unique dates,,
warning,logistic_regression,average_precision,period,late,1,1,27,18,10,,,,,0.94999999999999996,2000,2000,20,0,1,not_estimable,fewer than 40 unique dates,,
warning,logistic_regression,brier_score,period,late,1,1,27,18,10,,,,,0.94999999999999996,2000,2000,20,0,1,not_estimable,fewer than 40 unique dates,,
warning,logistic_regression,recall_at_frozen_threshold,period,late,1,1,27,18,10,,,,,0.94999999999999996,2000,2000,20,0,1,not_estimable,fewer than 40 unique dates,,
warning,logistic_regression,average_precision,regime,calm,1,1,7,2,2,,,,,0.94999999999999996,2000,2000,20,0,1,not_estimable,fewer than 40 unique dates,,
warning,logistic_regression,brier_score,regime,calm,1,1,7,2,2,,,,,0.94999999999999996,2000,2000,20,0,1,not_estimable,fewer than 40 unique dates,,
warning,logistic_regression,recall_at_frozen_threshold,regime,calm,1,1,7,2,2,,,,,0.94999999999999996,2000,2000,20,0,1,not_estimable,fewer than 40 unique dates,,
warning,logistic_regression,average_precision,regime,normal,1,1,53,21,6,0.0030756107400864985,-0.010069263069424218,0.030114553623240541,1,0.94999999999999996,2000,2000,20,3,1,estimable,,,1
warning,logistic_regression,brier_score,regime,normal,1,1,53,21,6,0.00054974722959770517,-0.0007463069793045916,0.0020713959855295219,0.52023988005997002,0.94999999999999996,2000,2000,20,3,1,estimable,,,0.81751981152281006
warning,logistic_regression,recall_at_frozen_threshold,regime,normal,1,1,53,21,6,0,0,0,1,0.94999999999999996,2000,2000,20,3,1,estimable,,,1
warning,logistic_regression,average_precision,regime,stress,1,1,54,27,8,-0.054946408808158459,-0.097148939221834735,-0.017674209595875866,0.27186406796601698,0.94999999999999996,2000,2000,20,3,1,estimable,,,0.7476261869065467
warning,logistic_regression,brier_score,regime,stress,1,1,54,27,8,0.0030274255491007651,0.0010247936759746684,0.0051340728388093951,0.27186406796601698,0.94999999999999996,2000,2000,20,3,1,estimable,,,0.7476261869065467
warning,logistic_regression,recall_at_frozen_threshold,regime,stress,1,1,54,27,8,-0.14814814814814814,-0.29999999999999999,0,0.52023988005997002,0.94999999999999996,2000,2000,20,3,1,estimable,,,0.81751981152281006
warning,random_forest,average_precision,overall,overall,5,5,54,50,10,-0.0094669845036853689,-0.017510356983104547,0.0032723323614950277,0.32583708145927037,0.94999999999999996,2000,2000,20,15,5,estimable,,1,
warning,random_forest,brier_score,overall,overall,5,5,54,50,10,0.00030182031940795273,2.5509519650423785e-05,0.00064935273056799961,0.17541229385307347,0.94999999999999996,2000,2000,20,15,5,estimable,,1,
warning,random_forest,recall_at_frozen_threshold,overall,overall,5,5,54,50,10,0.023999999999999994,-0.026406291071585028,0.078818616805268651,0.32683658170914542,0.94999999999999996,2000,2000,20,15,5,estimable,,1,
warning,random_forest,average_precision,market,us,5,5,51,11,2,,,,,0.94999999999999996,2000,2000,20,0,5,not_estimable,fewer than 20 positive events,,
warning,random_forest,brier_score,market,us,5,5,51,11,2,,,,,0.94999999999999996,2000,2000,20,0,5,not_estimable,fewer than 20 positive events,,
warning,random_forest,recall_at_frozen_threshold,market,us,5,5,51,11,2,,,,,0.94999999999999996,2000,2000,20,0,5,not_estimable,fewer than 20 positive events,,
warning,random_forest,average_precision,market,hk,5,5,51,7,2,,,,,0.94999999999999996,2000,2000,20,0,5,not_estimable,fewer than 20 positive events,,
warning,random_forest,brier_score,market,hk,5,5,51,7,2,,,,,0.94999999999999996,2000,2000,20,0,5,not_estimable,fewer than 20 positive events,,
warning,random_forest,recall_at_frozen_threshold,market,hk,5,5,51,7,2,,,,,0.94999999999999996,2000,2000,20,0,5,not_estimable,fewer than 20 positive events,,
warning,random_forest,average_precision,market,cn,5,5,53,13,2,,,,,0.94999999999999996,2000,2000,20,0,5,not_estimable,fewer than 20 positive events,,
warning,random_forest,brier_score,market,cn,5,5,53,13,2,,,,,0.94999999999999996,2000,2000,20,0,5,not_estimable,fewer than 20 positive events,,
warning,random_forest,recall_at_frozen_threshold,market,cn,5,5,53,13,2,,,,,0.94999999999999996,2000,2000,20,0,5,not_estimable,fewer than 20 positive events,,
warning,random_forest,average_precision,market,jp,5,5,53,3,2,,,,,0.94999999999999996,2000,2000,20,0,5,not_estimable,fewer than 20 positive events,,
warning,random_forest,brier_score,market,jp,5,5,53,3,2,,,,,0.94999999999999996,2000,2000,20,0,5,not_estimable,fewer than 20 positive events,,
warning,random_forest,recall_at_frozen_threshold,market,jp,5,5,53,3,2,,,,,0.94999999999999996,2000,2000,20,0,5,not_estimable,fewer than 20 positive events,,
warning,random_forest,average_precision,market,tw,5,5,53,16,2,,,,,0.94999999999999996,2000,2000,20,0,5,not_estimable,fewer than 20 positive events,,
warning,random_forest,brier_score,market,tw,5,5,53,16,2,,,,,0.94999999999999996,2000,2000,20,0,5,not_estimable,fewer than 20 positive events,,
warning,random_forest,recall_at_frozen_threshold,market,tw,5,5,53,16,2,,,,,0.94999999999999996,2000,2000,20,0,5,not_estimable,fewer than 20 positive events,,
warning,random_forest,average_precision,period,early,5,5,27,32,10,,,,,0.94999999999999996,2000,2000,20,0,5,not_estimable,fewer than 40 unique dates,,
warning,random_forest,brier_score,period,early,5,5,27,32,10,,,,,0.94999999999999996,2000,2000,20,0,5,not_estimable,fewer than 40 unique dates,,
warning,random_forest,recall_at_frozen_threshold,period,early,5,5,27,32,10,,,,,0.94999999999999996,2000,2000,20,0,5,not_estimable,fewer than 40 unique dates,,
warning,random_forest,average_precision,period,late,5,5,27,18,10,,,,,0.94999999999999996,2000,2000,20,0,5,not_estimable,fewer than 40 unique dates,,
warning,random_forest,brier_score,period,late,5,5,27,18,10,,,,,0.94999999999999996,2000,2000,20,0,5,not_estimable,fewer than 40 unique dates,,
warning,random_forest,recall_at_frozen_threshold,period,late,5,5,27,18,10,,,,,0.94999999999999996,2000,2000,20,0,5,not_estimable,fewer than 40 unique dates,,
warning,random_forest,average_precision,regime,calm,5,5,7,2,2,,,,,0.94999999999999996,2000,2000,20,0,5,not_estimable,fewer than 40 unique dates,,
warning,random_forest,brier_score,regime,calm,5,5,7,2,2,,,,,0.94999999999999996,2000,2000,20,0,5,not_estimable,fewer than 40 unique dates,,
warning,random_forest,recall_at_frozen_threshold,regime,calm,5,5,7,2,2,,,,,0.94999999999999996,2000,2000,20,0,5,not_estimable,fewer than 40 unique dates,,
warning,random_forest,average_precision,regime,normal,5,5,53,21,6,-0.0034482221156760251,-0.0060811706150045719,0.0094399686352357407,0.32783608195902048,0.94999999999999996,2000,2000,20,15,5,estimable,,,0.81751981152281006
warning,random_forest,brier_score,regime,normal,5,5,53,21,6,8.4615354833103562e-05,-0.00031591608156642003,0.00046759271545480122,0.68715642178910541,0.94999999999999996,2000,2000,20,15,5,estimable,,,1
warning,random_forest,recall_at_frozen_threshold,regime,normal,5,5,53,21,6,0.019047619047619049,0,0.049586776859504134,0.48575712143928035,0.94999999999999996,2000,2000,20,15,5,estimable,,,0.81751981152281006
warning,random_forest,average_precision,regime,stress,5,5,54,27,8,-0.020366746080220183,-0.033783431687844236,0.0016600995684254395,0.1969015492253873,0.94999999999999996,2000,2000,20,15,5,estimable,,,0.7476261869065467
warning,random_forest,brier_score,regime,stress,5,5,54,27,8,0.00071572228588290265,0.00038277835356617879,0.0010885435633877763,0.0094952523738130942,0.94999999999999996,2000,2000,20,15,5,estimable,,,0.15667166416791606
warning,random_forest,recall_at_frozen_threshold,regime,stress,5,5,54,27,8,0.029629629629629645,-0.050635204549623912,0.1167983006386861,0.54872563718140932,0.94999999999999996,2000,2000,20,15,5,estimable,,,0.84223004776681432
warning,gradient_boosting,average_precision,overall,overall,5,5,54,50,10,0.005119704489987692,-0.0007127469992129808,0.01332760938133699,0.50374812593703144,0.94999999999999996,2000,2000,20,15,5,estimable,,1,
warning,gradient_boosting,brier_score,overall,overall,5,5,54,50,10,-0.0001964027178546629,-0.00036724657888210485,-1.929157092513805e-05,0.17041479260369816,0.94999999999999996,2000,2000,20,15,5,estimable,,1,
warning,gradient_boosting,recall_at_frozen_threshold,overall,overall,5,5,54,50,10,0.095999999999999988,-0.0036044705091957487,0.16535779638460682,0.031984007996001998,0.94999999999999996,2000,2000,20,15,5,estimable,,0.99150424787606195,
warning,gradient_boosting,average_precision,market,us,5,5,51,11,2,,,,,0.94999999999999996,2000,2000,20,0,5,not_estimable,fewer than 20 positive events,,
warning,gradient_boosting,brier_score,market,us,5,5,51,11,2,,,,,0.94999999999999996,2000,2000,20,0,5,not_estimable,fewer than 20 positive events,,
warning,gradient_boosting,recall_at_frozen_threshold,market,us,5,5,51,11,2,,,,,0.94999999999999996,2000,2000,20,0,5,not_estimable,fewer than 20 positive events,,
warning,gradient_boosting,average_precision,market,hk,5,5,51,7,2,,,,,0.94999999999999996,2000,2000,20,0,5,not_estimable,fewer than 20 positive events,,
warning,gradient_boosting,brier_score,market,hk,5,5,51,7,2,,,,,0.94999999999999996,2000,2000,20,0,5,not_estimable,fewer than 20 positive events,,
warning,gradient_boosting,recall_at_frozen_threshold,market,hk,5,5,51,7,2,,,,,0.94999999999999996,2000,2000,20,0,5,not_estimable,fewer than 20 positive events,,
warning,gradient_boosting,average_precision,market,cn,5,5,53,13,2,,,,,0.94999999999999996,2000,2000,20,0,5,not_estimable,fewer than 20 positive events,,
warning,gradient_boosting,brier_score,market,cn,5,5,53,13,2,,,,,0.94999999999999996,2000,2000,20,0,5,not_estimable,fewer than 20 positive events,,
warning,gradient_boosting,recall_at_frozen_threshold,market,cn,5,5,53,13,2,,,,,0.94999999999999996,2000,2000,20,0,5,not_estimable,fewer than 20 positive events,,
warning,gradient_boosting,average_precision,market,jp,5,5,53,3,2,,,,,0.94999999999999996,2000,2000,20,0,5,not_estimable,fewer than 20 positive events,,
warning,gradient_boosting,brier_score,market,jp,5,5,53,3,2,,,,,0.94999999999999996,2000,2000,20,0,5,not_estimable,fewer than 20 positive events,,
warning,gradient_boosting,recall_at_frozen_threshold,market,jp,5,5,53,3,2,,,,,0.94999999999999996,2000,2000,20,0,5,not_estimable,fewer than 20 positive events,,
warning,gradient_boosting,average_precision,market,tw,5,5,53,16,2,,,,,0.94999999999999996,2000,2000,20,0,5,not_estimable,fewer than 20 positive events,,
warning,gradient_boosting,brier_score,market,tw,5,5,53,16,2,,,,,0.94999999999999996,2000,2000,20,0,5,not_estimable,fewer than 20 positive events,,
warning,gradient_boosting,recall_at_frozen_threshold,market,tw,5,5,53,16,2,,,,,0.94999999999999996,2000,2000,20,0,5,not_estimable,fewer than 20 positive events,,
warning,gradient_boosting,average_precision,period,early,5,5,27,32,10,,,,,0.94999999999999996,2000,2000,20,0,5,not_estimable,fewer than 40 unique dates,,
warning,gradient_boosting,brier_score,period,early,5,5,27,32,10,,,,,0.94999999999999996,2000,2000,20,0,5,not_estimable,fewer than 40 unique dates,,
warning,gradient_boosting,recall_at_frozen_threshold,period,early,5,5,27,32,10,,,,,0.94999999999999996,2000,2000,20,0,5,not_estimable,fewer than 40 unique dates,,
warning,gradient_boosting,average_precision,period,late,5,5,27,18,10,,,,,0.94999999999999996,2000,2000,20,0,5,not_estimable,fewer than 40 unique dates,,
warning,gradient_boosting,brier_score,period,late,5,5,27,18,10,,,,,0.94999999999999996,2000,2000,20,0,5,not_estimable,fewer than 40 unique dates,,
warning,gradient_boosting,recall_at_frozen_threshold,period,late,5,5,27,18,10,,,,,0.94999999999999996,2000,2000,20,0,5,not_estimable,fewer than 40 unique dates,,
warning,gradient_boosting,average_precision,regime,calm,5,5,7,2,2,,,,,0.94999999999999996,2000,2000,20,0,5,not_estimable,fewer than 40 unique dates,,
warning,gradient_boosting,brier_score,regime,calm,5,5,7,2,2,,,,,0.94999999999999996,2000,2000,20,0,5,not_estimable,fewer than 40 unique dates,,
warning,gradient_boosting,recall_at_frozen_threshold,regime,calm,5,5,7,2,2,,,,,0.94999999999999996,2000,2000,20,0,5,not_estimable,fewer than 40 unique dates,,
warning,gradient_boosting,average_precision,regime,normal,5,5,53,21,6,0.0086909379862032954,0.0058287859163337575,0.014283608410408549,0.00049975012493753122,0.94999999999999996,2000,2000,20,15,5,estimable,,,0.016491754122938532
warning,gradient_boosting,brier_score,regime,normal,5,5,53,21,6,-0.0001018271188397285,-0.00031468471263198931,0.00011725622297584606,0.63968015992004001,0.94999999999999996,2000,2000,20,15,5,estimable,,,0.95952023988005997
warning,gradient_boosting,recall_at_frozen_threshold,regime,normal,5,5,53,21,6,0.038095238095238099,0.0095215633423180648,0.064516129032258063,0.12843578210894552,0.94999999999999996,2000,2000,20,15,5,estimable,,,0.70639680159920037
warning,gradient_boosting,average_precision,regime,stress,5,5,54,27,8,-0.0034251336836169377,-0.013824791106779808,0.011207921424243903,0.80409795102448778,0.94999999999999996,2000,2000,20,15,5,estimable,,,1
warning,gradient_boosting,brier_score,regime,stress,5,5,54,27,8,-0.00010947929442800541,-0.0003320656318862607,0.00011939703476570547,0.28735632183908044,0.94999999999999996,2000,2000,20,15,5,estimable,,,0.75862068965517238
warning,gradient_boosting,recall_at_frozen_threshold,regime,stress,5,5,54,27,8,0.14814814814814814,-0.015454545454545332,0.26251644736842095,0.037481259370314844,0.94999999999999996,2000,2000,20,15,5,estimable,,,0.28365817091454271
warning,historical_tail_threshold,average_precision,overall,overall,1,1,54,50,10,-0.029823147035888953,-0.067290547328432634,0.0046969102856113899,0.27186406796601698,0.94999999999999996,2000,2000,20,3,1,estimable,,1,
warning,historical_tail_threshold,brier_score,overall,overall,1,1,54,50,10,0.0014241690605790031,-0.00038710959911383245,0.003326567843058788,0.27186406796601698,0.94999999999999996,2000,2000,20,3,1,estimable,,1,
warning,historical_tail_threshold,recall_at_frozen_threshold,overall,overall,1,1,54,50,10,-0.080000000000000002,-0.14999999999999999,0,0.52023988005997002,0.94999999999999996,2000,2000,20,3,1,estimable,,1,
warning,historical_tail_threshold,average_precision,market,us,1,1,51,11,2,,,,,0.94999999999999996,2000,2000,20,0,1,not_estimable,fewer than 20 positive events,,
warning,historical_tail_threshold,brier_score,market,us,1,1,51,11,2,,,,,0.94999999999999996,2000,2000,20,0,1,not_estimable,fewer than 20 positive events,,
warning,historical_tail_threshold,recall_at_frozen_threshold,market,us,1,1,51,11,2,,,,,0.94999999999999996,2000,2000,20,0,1,not_estimable,fewer than 20 positive events,,
warning,historical_tail_threshold,average_precision,market,hk,1,1,51,7,2,,,,,0.94999999999999996,2000,2000,20,0,1,not_estimable,fewer than 20 positive events,,
warning,historical_tail_threshold,brier_score,market,hk,1,1,51,7,2,,,,,0.94999999999999996,2000,2000,20,0,1,not_estimable,fewer than 20 positive events,,
warning,historical_tail_threshold,recall_at_frozen_threshold,market,hk,1,1,51,7,2,,,,,0.94999999999999996,2000,2000,20,0,1,not_estimable,fewer than 20 positive events,,
warning,historical_tail_threshold,average_precision,market,cn,1,1,53,13,2,,,,,0.94999999999999996,2000,2000,20,0,1,not_estimable,fewer than 20 positive events,,
warning,historical_tail_threshold,brier_score,market,cn,1,1,53,13,2,,,,,0.94999999999999996,2000,2000,20,0,1,not_estimable,fewer than 20 positive events,,
warning,historical_tail_threshold,recall_at_frozen_threshold,market,cn,1,1,53,13,2,,,,,0.94999999999999996,2000,2000,20,0,1,not_estimable,fewer than 20 positive events,,
warning,historical_tail_threshold,average_precision,market,jp,1,1,53,3,2,,,,,0.94999999999999996,2000,2000,20,0,1,not_estimable,fewer than 20 positive events,,
warning,historical_tail_threshold,brier_score,market,jp,1,1,53,3,2,,,,,0.94999999999999996,2000,2000,20,0,1,not_estimable,fewer than 20 positive events,,
warning,historical_tail_threshold,recall_at_frozen_threshold,market,jp,1,1,53,3,2,,,,,0.94999999999999996,2000,2000,20,0,1,not_estimable,fewer than 20 positive events,,
warning,historical_tail_threshold,average_precision,market,tw,1,1,53,16,2,,,,,0.94999999999999996,2000,2000,20,0,1,not_estimable,fewer than 20 positive events,,
warning,historical_tail_threshold,brier_score,market,tw,1,1,53,16,2,,,,,0.94999999999999996,2000,2000,20,0,1,not_estimable,fewer than 20 positive events,,
warning,historical_tail_threshold,recall_at_frozen_threshold,market,tw,1,1,53,16,2,,,,,0.94999999999999996,2000,2000,20,0,1,not_estimable,fewer than 20 positive events,,
warning,historical_tail_threshold,average_precision,period,early,1,1,27,32,10,,,,,0.94999999999999996,2000,2000,20,0,1,not_estimable,fewer than 40 unique dates,,
warning,historical_tail_threshold,brier_score,period,early,1,1,27,32,10,,,,,0.94999999999999996,2000,2000,20,0,1,not_estimable,fewer than 40 unique dates,,
warning,historical_tail_threshold,recall_at_frozen_threshold,period,early,1,1,27,32,10,,,,,0.94999999999999996,2000,2000,20,0,1,not_estimable,fewer than 40 unique dates,,
warning,historical_tail_threshold,average_precision,period,late,1,1,27,18,10,,,,,0.94999999999999996,2000,2000,20,0,1,not_estimable,fewer than 40 unique dates,,
warning,historical_tail_threshold,brier_score,period,late,1,1,27,18,10,,,,,0.94999999999999996,2000,2000,20,0,1,not_estimable,fewer than 40 unique dates,,
warning,historical_tail_threshold,recall_at_frozen_threshold,period,late,1,1,27,18,10,,,,,0.94999999999999996,2000,2000,20,0,1,not_estimable,fewer than 40 unique dates,,
warning,historical_tail_threshold,average_precision,regime,calm,1,1,7,2,2,,,,,0.94999999999999996,2000,2000,20,0,1,not_estimable,fewer than 40 unique dates,,
warning,historical_tail_threshold,brier_score,regime,calm,1,1,7,2,2,,,,,0.94999999999999996,2000,2000,20,0,1,not_estimable,fewer than 40 unique dates,,
warning,historical_tail_threshold,recall_at_frozen_threshold,regime,calm,1,1,7,2,2,,,,,0.94999999999999996,2000,2000,20,0,1,not_estimable,fewer than 40 unique dates,,
warning,historical_tail_threshold,average_precision,regime,normal,1,1,53,21,6,0.0049131806880656353,-0.039825124311614279,0.02346973008281171,0.7571214392803598,0.94999999999999996,2000,2000,20,3,1,estimable,,,1
warning,historical_tail_threshold,brier_score,regime,normal,1,1,53,21,6,-0.00078076110326846804,-0.0021090476903124298,0.0006920465515879449,0.52023988005997002,0.94999999999999996,2000,2000,20,3,1,estimable,,,0.81751981152281006
warning,historical_tail_threshold,recall_at_frozen_threshold,regime,normal,1,1,53,21,6,0,0,0,1,0.94999999999999996,2000,2000,20,3,1,estimable,,,1
warning,historical_tail_threshold,average_precision,regime,stress,1,1,54,27,8,-0.062897650017896031,-0.12479968459532041,-0.018224362004574501,0.27186406796601698,0.94999999999999996,2000,2000,20,3,1,estimable,,,0.7476261869065467
warning,historical_tail_threshold,brier_score,regime,stress,1,1,54,27,8,0.0028625437018612587,0.00061865637520096511,0.0050054976381767565,0.27186406796601698,0.94999999999999996,2000,2000,20,3,1,estimable,,,0.7476261869065467
warning,historical_tail_threshold,recall_at_frozen_threshold,regime,stress,1,1,54,27,8,-0.14814814814814814,-0.29999999999999999,0,0.52023988005997002,0.94999999999999996,2000,2000,20,3,1,estimable,,,0.81751981152281006
warning,historical_var,average_precision,overall,overall,1,1,54,50,10,-0.028307438223628412,-0.065978262926371475,0.0046969102856113899,0.27186406796601698,0.94999999999999996,2000,2000,20,3,1,estimable,,1,
warning,historical_var,brier_score,overall,overall,1,1,54,50,10,0.00072426304025013932,-0.00085458857296143555,0.0023377550609554472,0.52023988005997002,0.94999999999999996,2000,2000,20,3,1,estimable,,1,
warning,historical_var,recall_at_frozen_threshold,overall,overall,1,1,54,50,10,-0.080000000000000002,-0.14999999999999999,0,0.52023988005997002,0.94999999999999996,2000,2000,20,3,1,estimable,,1,
warning,historical_var,average_precision,market,us,1,1,51,11,2,,,,,0.94999999999999996,2000,2000,20,0,1,not_estimable,fewer than 20 positive events,,
warning,historical_var,brier_score,market,us,1,1,51,11,2,,,,,0.94999999999999996,2000,2000,20,0,1,not_estimable,fewer than 20 positive events,,
warning,historical_var,recall_at_frozen_threshold,market,us,1,1,51,11,2,,,,,0.94999999999999996,2000,2000,20,0,1,not_estimable,fewer than 20 positive events,,
warning,historical_var,average_precision,market,hk,1,1,51,7,2,,,,,0.94999999999999996,2000,2000,20,0,1,not_estimable,fewer than 20 positive events,,
warning,historical_var,brier_score,market,hk,1,1,51,7,2,,,,,0.94999999999999996,2000,2000,20,0,1,not_estimable,fewer than 20 positive events,,
warning,historical_var,recall_at_frozen_threshold,market,hk,1,1,51,7,2,,,,,0.94999999999999996,2000,2000,20,0,1,not_estimable,fewer than 20 positive events,,
warning,historical_var,average_precision,market,cn,1,1,53,13,2,,,,,0.94999999999999996,2000,2000,20,0,1,not_estimable,fewer than 20 positive events,,
warning,historical_var,brier_score,market,cn,1,1,53,13,2,,,,,0.94999999999999996,2000,2000,20,0,1,not_estimable,fewer than 20 positive events,,
warning,historical_var,recall_at_frozen_threshold,market,cn,1,1,53,13,2,,,,,0.94999999999999996,2000,2000,20,0,1,not_estimable,fewer than 20 positive events,,
warning,historical_var,average_precision,market,jp,1,1,53,3,2,,,,,0.94999999999999996,2000,2000,20,0,1,not_estimable,fewer than 20 positive events,,
warning,historical_var,brier_score,market,jp,1,1,53,3,2,,,,,0.94999999999999996,2000,2000,20,0,1,not_estimable,fewer than 20 positive events,,
warning,historical_var,recall_at_frozen_threshold,market,jp,1,1,53,3,2,,,,,0.94999999999999996,2000,2000,20,0,1,not_estimable,fewer than 20 positive events,,
warning,historical_var,average_precision,market,tw,1,1,53,16,2,,,,,0.94999999999999996,2000,2000,20,0,1,not_estimable,fewer than 20 positive events,,
warning,historical_var,brier_score,market,tw,1,1,53,16,2,,,,,0.94999999999999996,2000,2000,20,0,1,not_estimable,fewer than 20 positive events,,
warning,historical_var,recall_at_frozen_threshold,market,tw,1,1,53,16,2,,,,,0.94999999999999996,2000,2000,20,0,1,not_estimable,fewer than 20 positive events,,
warning,historical_var,average_precision,period,early,1,1,27,32,10,,,,,0.94999999999999996,2000,2000,20,0,1,not_estimable,fewer than 40 unique dates,,
warning,historical_var,brier_score,period,early,1,1,27,32,10,,,,,0.94999999999999996,2000,2000,20,0,1,not_estimable,fewer than 40 unique dates,,
warning,historical_var,recall_at_frozen_threshold,period,early,1,1,27,32,10,,,,,0.94999999999999996,2000,2000,20,0,1,not_estimable,fewer than 40 unique dates,,
warning,historical_var,average_precision,period,late,1,1,27,18,10,,,,,0.94999999999999996,2000,2000,20,0,1,not_estimable,fewer than 40 unique dates,,
warning,historical_var,brier_score,period,late,1,1,27,18,10,,,,,0.94999999999999996,2000,2000,20,0,1,not_estimable,fewer than 40 unique dates,,
warning,historical_var,recall_at_frozen_threshold,period,late,1,1,27,18,10,,,,,0.94999999999999996,2000,2000,20,0,1,not_estimable,fewer than 40 unique dates,,
warning,historical_var,average_precision,regime,calm,1,1,7,2,2,,,,,0.94999999999999996,2000,2000,20,0,1,not_estimable,fewer than 40 unique dates,,
warning,historical_var,brier_score,regime,calm,1,1,7,2,2,,,,,0.94999999999999996,2000,2000,20,0,1,not_estimable,fewer than 40 unique dates,,
warning,historical_var,recall_at_frozen_threshold,regime,calm,1,1,7,2,2,,,,,0.94999999999999996,2000,2000,20,0,1,not_estimable,fewer than 40 unique dates,,
warning,historical_var,average_precision,regime,normal,1,1,53,21,6,0.0080267338016187517,-0.034976775006306998,0.025677411670161781,1,0.94999999999999996,2000,2000,20,3,1,estimable,,,1
warning,historical_var,brier_score,regime,normal,1,1,53,21,6,-0.0013281332297575832,-0.0027525258285445607,0.00021604978431398171,0.52023988005997002,0.94999999999999996,2000,2000,20,3,1,estimable,,,0.81751981152281006
warning,historical_var,recall_at_frozen_threshold,regime,normal,1,1,53,21,6,0,0,0,1,0.94999999999999996,2000,2000,20,3,1,estimable,,,1
warning,historical_var,average_precision,regime,stress,1,1,54,27,8,-0.062897650017896031,-0.12479968459532041,-0.018224362004574501,0.27186406796601698,0.94999999999999996,2000,2000,20,3,1,estimable,,,0.7476261869065467
warning,historical_var,brier_score,regime,stress,1,1,54,27,8,0.0021028198938539688,0.00028430605141937035,0.0038741629001405133,0.27186406796601698,0.94999999999999996,2000,2000,20,3,1,estimable,,,0.7476261869065467
warning,historical_var,recall_at_frozen_threshold,regime,stress,1,1,54,27,8,-0.14814814814814814,-0.29999999999999999,0,0.52023988005997002,0.94999999999999996,2000,2000,20,3,1,estimable,,,0.81751981152281006
warning,historical_es,average_precision,overall,overall,1,1,54,50,10,-0.028307438223628412,-0.065978262926371475,0.0046969102856113899,0.27186406796601698,0.94999999999999996,2000,2000,20,3,1,estimable,,1,
warning,historical_es,brier_score,overall,overall,1,1,54,50,10,0.00068862784458306736,-0.00085658877915311489,0.0022599925470703974,0.52023988005997002,0.94999999999999996,2000,2000,20,3,1,estimable,,1,
warning,historical_es,recall_at_frozen_threshold,overall,overall,1,1,54,50,10,-0.080000000000000002,-0.14999999999999999,0,0.52023988005997002,0.94999999999999996,2000,2000,20,3,1,estimable,,1,
warning,historical_es,average_precision,market,us,1,1,51,11,2,,,,,0.94999999999999996,2000,2000,20,0,1,not_estimable,fewer than 20 positive events,,
warning,historical_es,brier_score,market,us,1,1,51,11,2,,,,,0.94999999999999996,2000,2000,20,0,1,not_estimable,fewer than 20 positive events,,
warning,historical_es,recall_at_frozen_threshold,market,us,1,1,51,11,2,,,,,0.94999999999999996,2000,2000,20,0,1,not_estimable,fewer than 20 positive events,,
warning,historical_es,average_precision,market,hk,1,1,51,7,2,,,,,0.94999999999999996,2000,2000,20,0,1,not_estimable,fewer than 20 positive events,,
warning,historical_es,brier_score,market,hk,1,1,51,7,2,,,,,0.94999999999999996,2000,2000,20,0,1,not_estimable,fewer than 20 positive events,,
warning,historical_es,recall_at_frozen_threshold,market,hk,1,1,51,7,2,,,,,0.94999999999999996,2000,2000,20,0,1,not_estimable,fewer than 20 positive events,,
warning,historical_es,average_precision,market,cn,1,1,53,13,2,,,,,0.94999999999999996,2000,2000,20,0,1,not_estimable,fewer than 20 positive events,,
warning,historical_es,brier_score,market,cn,1,1,53,13,2,,,,,0.94999999999999996,2000,2000,20,0,1,not_estimable,fewer than 20 positive events,,
warning,historical_es,recall_at_frozen_threshold,market,cn,1,1,53,13,2,,,,,0.94999999999999996,2000,2000,20,0,1,not_estimable,fewer than 20 positive events,,
warning,historical_es,average_precision,market,jp,1,1,53,3,2,,,,,0.94999999999999996,2000,2000,20,0,1,not_estimable,fewer than 20 positive events,,
warning,historical_es,brier_score,market,jp,1,1,53,3,2,,,,,0.94999999999999996,2000,2000,20,0,1,not_estimable,fewer than 20 positive events,,
warning,historical_es,recall_at_frozen_threshold,market,jp,1,1,53,3,2,,,,,0.94999999999999996,2000,2000,20,0,1,not_estimable,fewer than 20 positive events,,
warning,historical_es,average_precision,market,tw,1,1,53,16,2,,,,,0.94999999999999996,2000,2000,20,0,1,not_estimable,fewer than 20 positive events,,
warning,historical_es,brier_score,market,tw,1,1,53,16,2,,,,,0.94999999999999996,2000,2000,20,0,1,not_estimable,fewer than 20 positive events,,
warning,historical_es,recall_at_frozen_threshold,market,tw,1,1,53,16,2,,,,,0.94999999999999996,2000,2000,20,0,1,not_estimable,fewer than 20 positive events,,
warning,historical_es,average_precision,period,early,1,1,27,32,10,,,,,0.94999999999999996,2000,2000,20,0,1,not_estimable,fewer than 40 unique dates,,
warning,historical_es,brier_score,period,early,1,1,27,32,10,,,,,0.94999999999999996,2000,2000,20,0,1,not_estimable,fewer than 40 unique dates,,
warning,historical_es,recall_at_frozen_threshold,period,early,1,1,27,32,10,,,,,0.94999999999999996,2000,2000,20,0,1,not_estimable,fewer than 40 unique dates,,
warning,historical_es,average_precision,period,late,1,1,27,18,10,,,,,0.94999999999999996,2000,2000,20,0,1,not_estimable,fewer than 40 unique dates,,
warning,historical_es,brier_score,period,late,1,1,27,18,10,,,,,0.94999999999999996,2000,2000,20,0,1,not_estimable,fewer than 40 unique dates,,
warning,historical_es,recall_at_frozen_threshold,period,late,1,1,27,18,10,,,,,0.94999999999999996,2000,2000,20,0,1,not_estimable,fewer than 40 unique dates,,
warning,historical_es,average_precision,regime,calm,1,1,7,2,2,,,,,0.94999999999999996,2000,2000,20,0,1,not_estimable,fewer than 40 unique dates,,
warning,historical_es,brier_score,regime,calm,1,1,7,2,2,,,,,0.94999999999999996,2000,2000,20,0,1,not_estimable,fewer than 40 unique dates,,
warning,historical_es,recall_at_frozen_threshold,regime,calm,1,1,7,2,2,,,,,0.94999999999999996,2000,2000,20,0,1,not_estimable,fewer than 40 unique dates,,
warning,historical_es,average_precision,regime,normal,1,1,53,21,6,0.0080267338016187517,-0.034976775006306998,0.025677411670161781,1,0.94999999999999996,2000,2000,20,3,1,estimable,,,1
warning,historical_es,brier_score,regime,normal,1,1,53,21,6,-0.001380777597517896,-0.0027684801925404829,0.0001119309059682967,0.52023988005997002,0.94999999999999996,2000,2000,20,3,1,estimable,,,0.81751981152281006
warning,historical_es,recall_at_frozen_threshold,regime,normal,1,1,53,21,6,0,0,0,1,0.94999999999999996,2000,2000,20,3,1,estimable,,,1
warning,historical_es,average_precision,regime,stress,1,1,54,27,8,-0.062897650017896031,-0.12479968459532041,-0.018224362004574501,0.27186406796601698,0.94999999999999996,2000,2000,20,3,1,estimable,,,0.7476261869065467
warning,historical_es,brier_score,regime,stress,1,1,54,27,8,0.0020779912774491621,0.00028498106432018222,0.0038016644168382702,0.27186406796601698,0.94999999999999996,2000,2000,20,3,1,estimable,,,0.7476261869065467
warning,historical_es,recall_at_frozen_threshold,regime,stress,1,1,54,27,8,-0.14814814814814814,-0.29999999999999999,0,0.52023988005997002,0.94999999999999996,2000,2000,20,3,1,estimable,,,0.81751981152281006
warning,garch_1_1,average_precision,overall,overall,1,1,54,50,10,-0.025070352065091728,-0.054167676956835428,0.016036532635897119,0.27186406796601698,0.94999999999999996,2000,2000,20,3,1,estimable,,1,
warning,garch_1_1,brier_score,overall,overall,1,1,54,50,10,0.00078478989946625943,-0.00045470841369489069,0.0020414143977068701,0.51474262868565712,0.94999999999999996,2000,2000,20,3,1,estimable,,1,
warning,garch_1_1,recall_at_frozen_threshold,overall,overall,1,1,54,50,10,0.020000000000000004,-0.038461538461538464,0.090909090909090912,1,0.94999999999999996,2000,2000,20,3,1,estimable,,1,
warning,garch_1_1,average_precision,market,us,1,1,51,11,2,,,,,0.94999999999999996,2000,2000,20,0,1,not_estimable,fewer than 20 positive events,,
warning,garch_1_1,brier_score,market,us,1,1,51,11,2,,,,,0.94999999999999996,2000,2000,20,0,1,not_estimable,fewer than 20 positive events,,
warning,garch_1_1,recall_at_frozen_threshold,market,us,1,1,51,11,2,,,,,0.94999999999999996,2000,2000,20,0,1,not_estimable,fewer than 20 positive events,,
warning,garch_1_1,average_precision,market,hk,1,1,51,7,2,,,,,0.94999999999999996,2000,2000,20,0,1,not_estimable,fewer than 20 positive events,,
warning,garch_1_1,brier_score,market,hk,1,1,51,7,2,,,,,0.94999999999999996,2000,2000,20,0,1,not_estimable,fewer than 20 positive events,,
warning,garch_1_1,recall_at_frozen_threshold,market,hk,1,1,51,7,2,,,,,0.94999999999999996,2000,2000,20,0,1,not_estimable,fewer than 20 positive events,,
warning,garch_1_1,average_precision,market,cn,1,1,53,13,2,,,,,0.94999999999999996,2000,2000,20,0,1,not_estimable,fewer than 20 positive events,,
warning,garch_1_1,brier_score,market,cn,1,1,53,13,2,,,,,0.94999999999999996,2000,2000,20,0,1,not_estimable,fewer than 20 positive events,,
warning,garch_1_1,recall_at_frozen_threshold,market,cn,1,1,53,13,2,,,,,0.94999999999999996,2000,2000,20,0,1,not_estimable,fewer than 20 positive events,,
warning,garch_1_1,average_precision,market,jp,1,1,53,3,2,,,,,0.94999999999999996,2000,2000,20,0,1,not_estimable,fewer than 20 positive events,,
warning,garch_1_1,brier_score,market,jp,1,1,53,3,2,,,,,0.94999999999999996,2000,2000,20,0,1,not_estimable,fewer than 20 positive events,,
warning,garch_1_1,recall_at_frozen_threshold,market,jp,1,1,53,3,2,,,,,0.94999999999999996,2000,2000,20,0,1,not_estimable,fewer than 20 positive events,,
warning,garch_1_1,average_precision,market,tw,1,1,53,16,2,,,,,0.94999999999999996,2000,2000,20,0,1,not_estimable,fewer than 20 positive events,,
warning,garch_1_1,brier_score,market,tw,1,1,53,16,2,,,,,0.94999999999999996,2000,2000,20,0,1,not_estimable,fewer than 20 positive events,,
warning,garch_1_1,recall_at_frozen_threshold,market,tw,1,1,53,16,2,,,,,0.94999999999999996,2000,2000,20,0,1,not_estimable,fewer than 20 positive events,,
warning,garch_1_1,average_precision,period,early,1,1,27,32,10,,,,,0.94999999999999996,2000,2000,20,0,1,not_estimable,fewer than 40 unique dates,,
warning,garch_1_1,brier_score,period,early,1,1,27,32,10,,,,,0.94999999999999996,2000,2000,20,0,1,not_estimable,fewer than 40 unique dates,,
warning,garch_1_1,recall_at_frozen_threshold,period,early,1,1,27,32,10,,,,,0.94999999999999996,2000,2000,20,0,1,not_estimable,fewer than 40 unique dates,,
warning,garch_1_1,average_precision,period,late,1,1,27,18,10,,,,,0.94999999999999996,2000,2000,20,0,1,not_estimable,fewer than 40 unique dates,,
warning,garch_1_1,brier_score,period,late,1,1,27,18,10,,,,,0.94999999999999996,2000,2000,20,0,1,not_estimable,fewer than 40 unique dates,,
warning,garch_1_1,recall_at_frozen_threshold,period,late,1,1,27,18,10,,,,,0.94999999999999996,2000,2000,20,0,1,not_estimable,fewer than 40 unique dates,,
warning,garch_1_1,average_precision,regime,calm,1,1,7,2,2,,,,,0.94999999999999996,2000,2000,20,0,1,not_estimable,fewer than 40 unique dates,,
warning,garch_1_1,brier_score,regime,calm,1,1,7,2,2,,,,,0.94999999999999996,2000,2000,20,0,1,not_estimable,fewer than 40 unique dates,,
warning,garch_1_1,recall_at_frozen_threshold,regime,calm,1,1,7,2,2,,,,,0.94999999999999996,2000,2000,20,0,1,not_estimable,fewer than 40 unique dates,,
warning,garch_1_1,average_precision,regime,normal,1,1,53,21,6,-0.013304212227203058,-0.061843355410020541,0.021688593544041256,0.50874562718640681,0.94999999999999996,2000,2000,20,3,1,estimable,,,0.81751981152281006
warning,garch_1_1,brier_score,regime,normal,1,1,53,21,6,-0.0003173591438497686,-0.0018148612292733393,0.001010980867954592,0.7571214392803598,0.94999999999999996,2000,2000,20,3,1,estimable,,,1
warning,garch_1_1,recall_at_frozen_threshold,regime,normal,1,1,53,21,6,0,0,0,1,0.94999999999999996,2000,2000,20,3,1,estimable,,,1
warning,garch_1_1,average_precision,regime,stress,1,1,54,27,8,-0.048269732860683978,-0.085861934060264988,0.00060443206136321108,0.51474262868565712,0.94999999999999996,2000,2000,20,3,1,estimable,,,0.81751981152281006
warning,garch_1_1,brier_score,regime,stress,1,1,54,27,8,0.0019659114296365493,-0.00032089117076352134,0.0037719557610276688,0.51474262868565712,0.94999999999999996,2000,2000,20,3,1,estimable,,,0.81751981152281006
warning,garch_1_1,recall_at_frozen_threshold,regime,stress,1,1,54,27,8,0,-0.095238095238095233,0.10000000000000003,1,0.94999999999999996,2000,2000,20,3,1,estimable,,,1
warning,caviar_sav,average_precision,overall,overall,1,1,54,50,10,0.0032133016103174927,-0.02518372508381039,0.038918561601544409,1,0.94999999999999996,2000,2000,20,3,1,estimable,,1,
warning,caviar_sav,brier_score,overall,overall,1,1,54,50,10,0.00066394061891901501,-0.00058180754591417611,0.0021022737003984241,0.75162418790604701,0.94999999999999996,2000,2000,20,3,1,estimable,,1,
warning,caviar_sav,recall_at_frozen_threshold,overall,overall,1,1,54,50,10,0,-0.052631578947368418,0.050021186440677864,1,0.94999999999999996,2000,2000,20,3,1,estimable,,1,
warning,caviar_sav,average_precision,market,us,1,1,51,11,2,,,,,0.94999999999999996,2000,2000,20,0,1,not_estimable,fewer than 20 positive events,,
warning,caviar_sav,brier_score,market,us,1,1,51,11,2,,,,,0.94999999999999996,2000,2000,20,0,1,not_estimable,fewer than 20 positive events,,
warning,caviar_sav,recall_at_frozen_threshold,market,us,1,1,51,11,2,,,,,0.94999999999999996,2000,2000,20,0,1,not_estimable,fewer than 20 positive events,,
warning,caviar_sav,average_precision,market,hk,1,1,51,7,2,,,,,0.94999999999999996,2000,2000,20,0,1,not_estimable,fewer than 20 positive events,,
warning,caviar_sav,brier_score,market,hk,1,1,51,7,2,,,,,0.94999999999999996,2000,2000,20,0,1,not_estimable,fewer than 20 positive events,,
warning,caviar_sav,recall_at_frozen_threshold,market,hk,1,1,51,7,2,,,,,0.94999999999999996,2000,2000,20,0,1,not_estimable,fewer than 20 positive events,,
warning,caviar_sav,average_precision,market,cn,1,1,53,13,2,,,,,0.94999999999999996,2000,2000,20,0,1,not_estimable,fewer than 20 positive events,,
warning,caviar_sav,brier_score,market,cn,1,1,53,13,2,,,,,0.94999999999999996,2000,2000,20,0,1,not_estimable,fewer than 20 positive events,,
warning,caviar_sav,recall_at_frozen_threshold,market,cn,1,1,53,13,2,,,,,0.94999999999999996,2000,2000,20,0,1,not_estimable,fewer than 20 positive events,,
warning,caviar_sav,average_precision,market,jp,1,1,53,3,2,,,,,0.94999999999999996,2000,2000,20,0,1,not_estimable,fewer than 20 positive events,,
warning,caviar_sav,brier_score,market,jp,1,1,53,3,2,,,,,0.94999999999999996,2000,2000,20,0,1,not_estimable,fewer than 20 positive events,,
warning,caviar_sav,recall_at_frozen_threshold,market,jp,1,1,53,3,2,,,,,0.94999999999999996,2000,2000,20,0,1,not_estimable,fewer than 20 positive events,,
warning,caviar_sav,average_precision,market,tw,1,1,53,16,2,,,,,0.94999999999999996,2000,2000,20,0,1,not_estimable,fewer than 20 positive events,,
warning,caviar_sav,brier_score,market,tw,1,1,53,16,2,,,,,0.94999999999999996,2000,2000,20,0,1,not_estimable,fewer than 20 positive events,,
warning,caviar_sav,recall_at_frozen_threshold,market,tw,1,1,53,16,2,,,,,0.94999999999999996,2000,2000,20,0,1,not_estimable,fewer than 20 positive events,,
warning,caviar_sav,average_precision,period,early,1,1,27,32,10,,,,,0.94999999999999996,2000,2000,20,0,1,not_estimable,fewer than 40 unique dates,,
warning,caviar_sav,brier_score,period,early,1,1,27,32,10,,,,,0.94999999999999996,2000,2000,20,0,1,not_estimable,fewer than 40 unique dates,,
warning,caviar_sav,recall_at_frozen_threshold,period,early,1,1,27,32,10,,,,,0.94999999999999996,2000,2000,20,0,1,not_estimable,fewer than 40 unique dates,,
warning,caviar_sav,average_precision,period,late,1,1,27,18,10,,,,,0.94999999999999996,2000,2000,20,0,1,not_estimable,fewer than 40 unique dates,,
warning,caviar_sav,brier_score,period,late,1,1,27,18,10,,,,,0.94999999999999996,2000,2000,20,0,1,not_estimable,fewer than 40 unique dates,,
warning,caviar_sav,recall_at_frozen_threshold,period,late,1,1,27,18,10,,,,,0.94999999999999996,2000,2000,20,0,1,not_estimable,fewer than 40 unique dates,,
warning,caviar_sav,average_precision,regime,calm,1,1,7,2,2,,,,,0.94999999999999996,2000,2000,20,0,1,not_estimable,fewer than 40 unique dates,,
warning,caviar_sav,brier_score,regime,calm,1,1,7,2,2,,,,,0.94999999999999996,2000,2000,20,0,1,not_estimable,fewer than 40 unique dates,,
warning,caviar_sav,recall_at_frozen_threshold,regime,calm,1,1,7,2,2,,,,,0.94999999999999996,2000,2000,20,0,1,not_estimable,fewer than 40 unique dates,,
warning,caviar_sav,average_precision,regime,normal,1,1,53,21,6,-0.00090957948252062826,-0.045044985738132218,0.030708017606440492,1,0.94999999999999996,2000,2000,20,3,1,estimable,,,1
warning,caviar_sav,brier_score,regime,normal,1,1,53,21,6,-0.00011766595934761814,-0.002483253497749892,0.0022066297737510787,0.75162418790604701,0.94999999999999996,2000,2000,20,3,1,estimable,,,1
warning,caviar_sav,recall_at_frozen_threshold,regime,normal,1,1,53,21,6,0,0,0,1,0.94999999999999996,2000,2000,20,3,1,estimable,,,1
warning,caviar_sav,average_precision,regime,stress,1,1,54,27,8,0.010568085514283926,-0.049746374486824667,0.080931139290541257,1,0.94999999999999996,2000,2000,20,3,1,estimable,,,1
warning,caviar_sav,brier_score,regime,stress,1,1,54,27,8,0.0012301459774873152,-4.5244064563369912e-05,0.0025792145962571806,0.51474262868565712,0.94999999999999996,2000,2000,20,3,1,estimable,,,0.81751981152281006
warning,caviar_sav,recall_at_frozen_threshold,regime,stress,1,1,54,27,8,0,-0.095238095238095233,0.10000000000000003,1,0.94999999999999996,2000,2000,20,3,1,estimable,,,1
warning,quantile_regression,average_precision,overall,overall,1,1,54,50,10,-0.028019486424725099,-0.053781671164990677,-0.00025772659258539233,0.52023988005997002,0.94999999999999996,2000,2000,20,3,1,estimable,,1,
warning,quantile_regression,brier_score,overall,overall,1,1,54,50,10,0.0014166256566869873,-0.00034678246612476212,0.0032667135166656687,0.52023988005997002,0.94999999999999996,2000,2000,20,3,1,estimable,,1,
warning,quantile_regression,recall_at_frozen_threshold,overall,overall,1,1,54,50,10,-0.080000000000000002,-0.14999999999999999,0,0.52023988005997002,0.94999999999999996,2000,2000,20,3,1,estimable,,1,
warning,quantile_regression,average_precision,market,us,1,1,51,11,2,,,,,0.94999999999999996,2000,2000,20,0,1,not_estimable,fewer than 20 positive events,,
warning,quantile_regression,brier_score,market,us,1,1,51,11,2,,,,,0.94999999999999996,2000,2000,20,0,1,not_estimable,fewer than 20 positive events,,
warning,quantile_regression,recall_at_frozen_threshold,market,us,1,1,51,11,2,,,,,0.94999999999999996,2000,2000,20,0,1,not_estimable,fewer than 20 positive events,,
warning,quantile_regression,average_precision,market,hk,1,1,51,7,2,,,,,0.94999999999999996,2000,2000,20,0,1,not_estimable,fewer than 20 positive events,,
warning,quantile_regression,brier_score,market,hk,1,1,51,7,2,,,,,0.94999999999999996,2000,2000,20,0,1,not_estimable,fewer than 20 positive events,,
warning,quantile_regression,recall_at_frozen_threshold,market,hk,1,1,51,7,2,,,,,0.94999999999999996,2000,2000,20,0,1,not_estimable,fewer than 20 positive events,,
warning,quantile_regression,average_precision,market,cn,1,1,53,13,2,,,,,0.94999999999999996,2000,2000,20,0,1,not_estimable,fewer than 20 positive events,,
warning,quantile_regression,brier_score,market,cn,1,1,53,13,2,,,,,0.94999999999999996,2000,2000,20,0,1,not_estimable,fewer than 20 positive events,,
warning,quantile_regression,recall_at_frozen_threshold,market,cn,1,1,53,13,2,,,,,0.94999999999999996,2000,2000,20,0,1,not_estimable,fewer than 20 positive events,,
warning,quantile_regression,average_precision,market,jp,1,1,53,3,2,,,,,0.94999999999999996,2000,2000,20,0,1,not_estimable,fewer than 20 positive events,,
warning,quantile_regression,brier_score,market,jp,1,1,53,3,2,,,,,0.94999999999999996,2000,2000,20,0,1,not_estimable,fewer than 20 positive events,,
warning,quantile_regression,recall_at_frozen_threshold,market,jp,1,1,53,3,2,,,,,0.94999999999999996,2000,2000,20,0,1,not_estimable,fewer than 20 positive events,,
warning,quantile_regression,average_precision,market,tw,1,1,53,16,2,,,,,0.94999999999999996,2000,2000,20,0,1,not_estimable,fewer than 20 positive events,,
warning,quantile_regression,brier_score,market,tw,1,1,53,16,2,,,,,0.94999999999999996,2000,2000,20,0,1,not_estimable,fewer than 20 positive events,,
warning,quantile_regression,recall_at_frozen_threshold,market,tw,1,1,53,16,2,,,,,0.94999999999999996,2000,2000,20,0,1,not_estimable,fewer than 20 positive events,,
warning,quantile_regression,average_precision,period,early,1,1,27,32,10,,,,,0.94999999999999996,2000,2000,20,0,1,not_estimable,fewer than 40 unique dates,,
warning,quantile_regression,brier_score,period,early,1,1,27,32,10,,,,,0.94999999999999996,2000,2000,20,0,1,not_estimable,fewer than 40 unique dates,,
warning,quantile_regression,recall_at_frozen_threshold,period,early,1,1,27,32,10,,,,,0.94999999999999996,2000,2000,20,0,1,not_estimable,fewer than 40 unique dates,,
warning,quantile_regression,average_precision,period,late,1,1,27,18,10,,,,,0.94999999999999996,2000,2000,20,0,1,not_estimable,fewer than 40 unique dates,,
warning,quantile_regression,brier_score,period,late,1,1,27,18,10,,,,,0.94999999999999996,2000,2000,20,0,1,not_estimable,fewer than 40 unique dates,,
warning,quantile_regression,recall_at_frozen_threshold,period,late,1,1,27,18,10,,,,,0.94999999999999996,2000,2000,20,0,1,not_estimable,fewer than 40 unique dates,,
warning,quantile_regression,average_precision,regime,calm,1,1,7,2,2,,,,,0.94999999999999996,2000,2000,20,0,1,not_estimable,fewer than 40 unique dates,,
warning,quantile_regression,brier_score,regime,calm,1,1,7,2,2,,,,,0.94999999999999996,2000,2000,20,0,1,not_estimable,fewer than 40 unique dates,,
warning,quantile_regression,recall_at_frozen_threshold,regime,calm,1,1,7,2,2,,,,,0.94999999999999996,2000,2000,20,0,1,not_estimable,fewer than 40 unique dates,,
warning,quantile_regression,average_precision,regime,normal,1,1,53,21,6,-0.0040027220247709633,-0.029682767353447895,0.01005572787312474,0.52023988005997002,0.94999999999999996,2000,2000,20,3,1,estimable,,,0.81751981152281006
warning,quantile_regression,brier_score,regime,normal,1,1,53,21,6,0.00059679389430794538,-0.0012720402361530295,0.0029058674547865373,1,0.94999999999999996,2000,2000,20,3,1,estimable,,,1
warning,quantile_regression,recall_at_frozen_threshold,regime,normal,1,1,53,21,6,0,0,0,1,0.94999999999999996,2000,2000,20,3,1,estimable,,,1
warning,quantile_regression,average_precision,regime,stress,1,1,54,27,8,-0.046273952408174848,-0.085090818166190088,-0.0033114966204474687,0.52023988005997002,0.94999999999999996,2000,2000,20,3,1,estimable,,,0.81751981152281006
warning,quantile_regression,brier_score,regime,stress,1,1,54,27,8,0.0020006727148667997,0.00022946945452807368,0.003708745526617182,0.27186406796601698,0.94999999999999996,2000,2000,20,3,1,estimable,,,0.7476261869065467
warning,quantile_regression,recall_at_frozen_threshold,regime,stress,1,1,54,27,8,-0.14814814814814814,-0.29999999999999999,0,0.52023988005997002,0.94999999999999996,2000,2000,20,3,1,estimable,,,0.81751981152281006
warning,temporal_mlp,average_precision,overall,overall,5,5,54,50,10,-0.010644522809121704,-0.031457405388280922,0.013165575413023788,0.13843078460769614,0.94999999999999996,2000,2000,20,15,5,estimable,,1,
warning,temporal_mlp,brier_score,overall,overall,5,5,54,50,10,0.0006541273243336615,8.8762569018342103e-05,0.0012974923321888059,0.0059970014992503746,0.94999999999999996,2000,2000,20,15,5,estimable,,0.19190404797601199,
warning,temporal_mlp,recall_at_frozen_threshold,overall,overall,5,5,54,50,10,-0.068000000000000005,-0.10219476345880769,-0.029303646144650329,0.0049975012493753126,0.94999999999999996,2000,2000,20,15,5,estimable,,0.16491754122938532,
warning,temporal_mlp,average_precision,market,us,5,5,51,11,2,,,,,0.94999999999999996,2000,2000,20,0,5,not_estimable,fewer than 20 positive events,,
warning,temporal_mlp,brier_score,market,us,5,5,51,11,2,,,,,0.94999999999999996,2000,2000,20,0,5,not_estimable,fewer than 20 positive events,,
warning,temporal_mlp,recall_at_frozen_threshold,market,us,5,5,51,11,2,,,,,0.94999999999999996,2000,2000,20,0,5,not_estimable,fewer than 20 positive events,,
warning,temporal_mlp,average_precision,market,hk,5,5,51,7,2,,,,,0.94999999999999996,2000,2000,20,0,5,not_estimable,fewer than 20 positive events,,
warning,temporal_mlp,brier_score,market,hk,5,5,51,7,2,,,,,0.94999999999999996,2000,2000,20,0,5,not_estimable,fewer than 20 positive events,,
warning,temporal_mlp,recall_at_frozen_threshold,market,hk,5,5,51,7,2,,,,,0.94999999999999996,2000,2000,20,0,5,not_estimable,fewer than 20 positive events,,
warning,temporal_mlp,average_precision,market,cn,5,5,53,13,2,,,,,0.94999999999999996,2000,2000,20,0,5,not_estimable,fewer than 20 positive events,,
warning,temporal_mlp,brier_score,market,cn,5,5,53,13,2,,,,,0.94999999999999996,2000,2000,20,0,5,not_estimable,fewer than 20 positive events,,
warning,temporal_mlp,recall_at_frozen_threshold,market,cn,5,5,53,13,2,,,,,0.94999999999999996,2000,2000,20,0,5,not_estimable,fewer than 20 positive events,,
warning,temporal_mlp,average_precision,market,jp,5,5,53,3,2,,,,,0.94999999999999996,2000,2000,20,0,5,not_estimable,fewer than 20 positive events,,
warning,temporal_mlp,brier_score,market,jp,5,5,53,3,2,,,,,0.94999999999999996,2000,2000,20,0,5,not_estimable,fewer than 20 positive events,,
warning,temporal_mlp,recall_at_frozen_threshold,market,jp,5,5,53,3,2,,,,,0.94999999999999996,2000,2000,20,0,5,not_estimable,fewer than 20 positive events,,
warning,temporal_mlp,average_precision,market,tw,5,5,53,16,2,,,,,0.94999999999999996,2000,2000,20,0,5,not_estimable,fewer than 20 positive events,,
warning,temporal_mlp,brier_score,market,tw,5,5,53,16,2,,,,,0.94999999999999996,2000,2000,20,0,5,not_estimable,fewer than 20 positive events,,
warning,temporal_mlp,recall_at_frozen_threshold,market,tw,5,5,53,16,2,,,,,0.94999999999999996,2000,2000,20,0,5,not_estimable,fewer than 20 positive events,,
warning,temporal_mlp,average_precision,period,early,5,5,27,32,10,,,,,0.94999999999999996,2000,2000,20,0,5,not_estimable,fewer than 40 unique dates,,
warning,temporal_mlp,brier_score,period,early,5,5,27,32,10,,,,,0.94999999999999996,2000,2000,20,0,5,not_estimable,fewer than 40 unique dates,,
warning,temporal_mlp,recall_at_frozen_threshold,period,early,5,5,27,32,10,,,,,0.94999999999999996,2000,2000,20,0,5,not_estimable,fewer than 40 unique dates,,
warning,temporal_mlp,average_precision,period,late,5,5,27,18,10,,,,,0.94999999999999996,2000,2000,20,0,5,not_estimable,fewer than 40 unique dates,,
warning,temporal_mlp,brier_score,period,late,5,5,27,18,10,,,,,0.94999999999999996,2000,2000,20,0,5,not_estimable,fewer than 40 unique dates,,
warning,temporal_mlp,recall_at_frozen_threshold,period,late,5,5,27,18,10,,,,,0.94999999999999996,2000,2000,20,0,5,not_estimable,fewer than 40 unique dates,,
warning,temporal_mlp,average_precision,regime,calm,5,5,7,2,2,,,,,0.94999999999999996,2000,2000,20,0,5,not_estimable,fewer than 40 unique dates,,
warning,temporal_mlp,brier_score,regime,calm,5,5,7,2,2,,,,,0.94999999999999996,2000,2000,20,0,5,not_estimable,fewer than 40 unique dates,,
warning,temporal_mlp,recall_at_frozen_threshold,regime,calm,5,5,7,2,2,,,,,0.94999999999999996,2000,2000,20,0,5,not_estimable,fewer than 40 unique dates,,
warning,temporal_mlp,average_precision,regime,normal,5,5,53,21,6,0.009413651159112732,0.00069292114187843217,0.027609788210570536,0.059970014992503748,0.94999999999999996,2000,2000,20,15,5,estimable,,,0.35982008995502246
warning,temporal_mlp,brier_score,regime,normal,5,5,53,21,6,-0.00079923366493406256,-0.0013447603967143033,-0.00023905433081627405,0.013493253373313344,0.94999999999999996,2000,2000,20,15,5,estimable,,,0.15942028985507248
warning,temporal_mlp,recall_at_frozen_threshold,regime,normal,5,5,53,21,6,0,0,0,1,0.94999999999999996,2000,2000,20,15,5,estimable,,,1
warning,temporal_mlp,average_precision,regime,stress,5,5,54,27,8,-0.029383680120768085,-0.064513401101148546,0.0097891616382255759,0.030484757621189407,0.94999999999999996,2000,2000,20,15,5,estimable,,,0.28365817091454271
warning,temporal_mlp,brier_score,regime,stress,5,5,54,27,8,0.0016155311792548643,0.00077656798509892868,0.0025179626696414073,0.00049975012493753122,0.94999999999999996,2000,2000,20,15,5,estimable,,,0.016491754122938532
warning,temporal_mlp,recall_at_frozen_threshold,regime,stress,5,5,54,27,8,-0.12592592592592591,-0.19117647058823528,-0.054258328095537427,0.0049975012493753126,0.94999999999999996,2000,2000,20,15,5,estimable,,,0.10994502748625688
